Tag,Monat,Jahr,Zahl1,Zahl2,Zahl3,Zahl4,Zahl5,Zahl6,Superzahl,
2,12,2000,46,4,45,32,42,43,5,
6,12,2000,30,29,33,8,9,43,8,
9,12,2000,40,4,26,15,11,33,0,
13,12,2000,15,37,17,23,26,5,9,
16,12,2000,24,27,31,11,48,40,7,
20,12,2000,38,7,35,26,6,24,3,
23,12,2000,28,11,20,33,18,13,3,
27,12,2000,27,13,24,11,41,48,0,
30,12,2000,17,47,2,27,5,7,4,
3,1,2001,46,13,21,34,19,36,2,
6,1,2001,17,42,12,8,37,26,6,
10,1,2001,28,15,3,24,27,4,2,
13,1,2001,46,28,31,37,4,6,4,
17,1,2001,20,12,49,11,43,45,4,
20,1,2001,49,48,1,28,3,47,2,
24,1,2001,46,7,9,6,38,18,9,
27,1,2001,40,38,43,13,2,12,4,
31,1,2001,30,33,19,16,24,14,3,
3,2,2001,28,12,15,3,37,35,2,
7,2,2001,10,40,26,31,5,1,8,
10,2,2001,41,39,42,44,34,32,0,
14,2,2001,2,34,25,26,48,31,6,
17,2,2001,16,12,49,13,33,21,9,
21,2,2001,10,22,26,4,5,25,4,
24,2,2001,29,21,48,4,47,23,9,
28,2,2001,33,16,49,23,30,38,0,
3,3,2001,41,9,34,43,46,42,2,
7,3,2001,44,6,32,17,1,29,6,
10,3,2001,15,21,25,38,10,48,7,
14,3,2001,26,45,38,22,32,39,4,
17,3,2001,44,49,5,25,41,33,5,
21,3,2001,45,11,26,22,28,49,9,
24,3,2001,45,36,30,49,11,9,2,
28,3,2001,24,19,41,25,14,31,9,
31,3,2001,10,2,15,44,14,28,0,
4,4,2001,21,12,22,24,31,4,6,
7,4,2001,37,38,3,9,33,36,3,
11,4,2001,33,4,28,24,12,36,2,
14,4,2001,9,21,2,24,42,11,7,
18,4,2001,19,17,48,1,29,6,6,
21,4,2001,48,18,2,27,25,7,8,
25,4,2001,13,26,9,31,42,20,8,
28,4,2001,3,14,7,35,33,38,3,
2,5,2001,2,12,44,14,24,31,1,
5,5,2001,41,42,49,36,44,29,5,
9,5,2001,17,36,4,30,16,26,3,
12,5,2001,46,1,7,29,28,31,9,
16,5,2001,2,35,16,19,33,23,7,
19,5,2001,15,11,34,1,10,9,1,
23,5,2001,40,46,15,31,44,13,2,
26,5,2001,13,42,2,22,8,43,1,
30,5,2001,26,16,48,47,35,27,3,
2,6,2001,8,35,13,23,39,34,1,
6,6,2001,42,8,26,34,9,47,6,
9,6,2001,6,15,2,31,48,49,3,
13,6,2001,34,17,41,6,20,15,5,
16,6,2001,17,4,25,32,36,22,3,
20,6,2001,27,1,25,8,2,5,9,
23,6,2001,42,18,6,40,35,29,6,
27,6,2001,27,24,47,13,17,20,2,
30,6,2001,16,12,14,27,43,6,9,
4,7,2001,43,2,17,34,37,31,7,
7,7,2001,39,40,22,11,37,42,3,
11,7,2001,45,1,27,39,12,8,7,
14,7,2001,18,6,23,31,38,22,5,
18,7,2001,12,11,34,45,31,44,5,
21,7,2001,33,21,25,38,44,37,1,
25,7,2001,13,39,6,37,32,12,2,
28,7,2001,18,27,6,23,2,22,9,
1,8,2001,32,34,41,9,30,48,6,
4,8,2001,10,35,29,47,17,6,5,
8,8,2001,17,20,41,10,22,40,8,
11,8,2001,14,34,24,28,22,2,6,
15,8,2001,23,35,47,11,31,10,4,
18,8,2001,26,7,44,12,29,6,7,
22,8,2001,48,3,11,36,35,25,8,
25,8,2001,30,15,32,41,28,2,7,
29,8,2001,34,22,16,28,6,35,2,
1,9,2001,27,35,6,25,1,38,8,
5,9,2001,38,33,9,1,25,44,1,
8,9,2001,28,12,40,2,6,4,5,
12,9,2001,26,23,18,4,44,43,5,
15,9,2001,38,33,27,19,26,12,9,
19,9,2001,30,10,24,4,25,23,8,
22,9,2001,33,28,12,36,32,48,1,
26,9,2001,17,23,21,46,28,1,8,
29,9,2001,23,20,8,28,27,41,3,
3,10,2001,49,11,17,20,33,43,7,
6,10,2001,42,41,25,6,9,30,9,
10,10,2001,47,37,33,7,41,49,1,
13,10,2001,38,25,2,15,10,9,4,
17,10,2001,42,34,35,7,23,37,9,
20,10,2001,3,8,40,11,42,37,0,
24,10,2001,48,32,40,4,27,26,1,
27,10,2001,27,18,37,22,23,4,4,
31,10,2001,38,18,11,36,23,26,8,
3,11,2001,26,7,42,5,24,3,0,
7,11,2001,3,22,17,4,7,10,0,
10,11,2001,2,14,16,20,26,15,9,
14,11,2001,42,22,2,15,27,3,1,
17,11,2001,2,4,40,38,30,1,7,
21,11,2001,14,46,44,34,43,25,3,
24,11,2001,26,42,40,20,30,7,8,
28,11,2001,25,22,36,48,7,37,0,
1,12,2001,33,10,40,37,2,41,3,
5,12,2001,3,46,25,5,48,18,8,
8,12,2001,29,1,33,20,4,35,9,
12,12,2001,40,47,15,30,19,1,3,
15,12,2001,27,19,40,39,31,44,2,
19,12,2001,43,46,1,19,24,44,8,
22,12,2001,18,47,25,49,48,12,6,
26,12,2001,40,28,2,22,49,23,7,
29,12,2001,44,11,8,48,46,2,9,
2,1,2002,13,46,21,35,25,34,1,
5,1,2002,43,24,49,27,29,12,1,
9,1,2002,39,37,24,47,43,4,8,
12,1,2002,37,11,30,13,25,3,7,
16,1,2002,42,19,22,26,28,25,3,
19,1,2002,2,46,20,16,8,42,6,
23,1,2002,38,21,32,31,46,34,6,
26,1,2002,11,1,42,12,47,26,0,
30,1,2002,29,13,46,39,42,7,6,
2,2,2002,47,3,27,31,18,36,3,
6,2,2002,6,45,25,34,33,18,3,
9,2,2002,45,31,7,10,41,21,1,
13,2,2002,5,6,1,11,17,45,4,
16,2,2002,1,48,29,33,8,9,1,
20,2,2002,25,2,40,38,11,22,6,
23,2,2002,23,22,38,47,49,7,8,
27,2,2002,4,45,32,37,17,25,5,
2,3,2002,47,28,4,20,30,49,5,
6,3,2002,11,7,33,22,44,25,1,
9,3,2002,38,40,43,44,5,4,5,
13,3,2002,32,33,30,37,43,31,7,
16,3,2002,7,44,39,25,2,27,9,
20,3,2002,35,40,44,9,13,4,6,
23,3,2002,18,47,15,17,10,48,8,
27,3,2002,1,8,5,48,36,27,6,
30,3,2002,43,4,8,38,37,44,7,
3,4,2002,37,16,33,8,13,20,0,
6,4,2002,24,17,7,46,5,23,1,
10,4,2002,41,38,13,9,18,16,7,
13,4,2002,18,36,29,27,9,33,9,
17,4,2002,3,43,34,4,47,13,5,
20,4,2002,11,49,39,42,6,7,9,
24,4,2002,43,42,4,46,15,48,9,
27,4,2002,42,8,6,21,10,1,2,
1,5,2002,11,26,42,22,1,8,0,
4,5,2002,38,32,39,34,47,49,8,
8,5,2002,43,35,46,38,4,36,9,
11,5,2002,16,29,14,43,46,40,8,
15,5,2002,23,13,27,34,26,46,6,
18,5,2002,43,38,9,44,34,15,4,
22,5,2002,21,8,4,25,41,33,7,
25,5,2002,7,31,22,5,1,19,3,
29,5,2002,14,5,22,42,1,7,6,
1,6,2002,7,48,18,3,36,11,7,
5,6,2002,41,28,16,25,47,44,4,
8,6,2002,11,38,6,28,34,46,7,
12,6,2002,23,41,29,36,17,43,6,
15,6,2002,36,23,5,16,39,37,2,
19,6,2002,41,13,14,37,30,42,1,
22,6,2002,8,7,49,10,18,27,6,
26,6,2002,41,21,32,42,11,46,4,
29,6,2002,29,44,30,25,6,5,4,
3,7,2002,9,12,13,49,7,14,5,
6,7,2002,19,45,6,39,13,16,8,
10,7,2002,48,47,17,25,4,40,2,
13,7,2002,2,43,1,21,36,30,5,
17,7,2002,14,21,26,27,28,39,4,
20,7,2002,3,34,24,36,11,31,3,
24,7,2002,42,19,41,11,12,18,6,
27,7,2002,39,8,10,41,40,26,9,
31,7,2002,26,40,34,16,12,4,0,
3,8,2002,18,27,26,44,7,5,8,
7,8,2002,41,14,38,45,4,9,4,
10,8,2002,26,9,10,31,34,13,2,
14,8,2002,22,31,11,18,26,1,3,
17,8,2002,20,4,7,5,29,44,2,
21,8,2002,41,15,34,26,22,9,0,
24,8,2002,3,27,25,19,34,16,4,
28,8,2002,13,22,36,37,34,44,7,
31,8,2002,39,40,41,21,43,35,2,
4,9,2002,38,44,29,34,27,41,5,
7,9,2002,29,17,16,37,18,19,6,
11,9,2002,25,45,12,24,28,23,1,
14,9,2002,23,27,39,8,30,20,4,
18,9,2002,49,20,37,24,25,39,1,
21,9,2002,8,11,14,36,48,37,9,
25,9,2002,4,7,3,25,38,36,5,
28,9,2002,29,10,12,40,6,28,0,
2,10,2002,38,46,21,27,18,4,9,
5,10,2002,30,33,26,39,11,1,5,
9,10,2002,31,34,37,19,7,42,3,
12,10,2002,17,6,16,35,7,12,0,
16,10,2002,25,40,37,21,9,11,2,
19,10,2002,42,28,21,43,34,1,5,
23,10,2002,31,37,5,1,14,13,7,
26,10,2002,43,30,16,34,15,41,4,
30,10,2002,49,7,34,25,31,30,6,
2,11,2002,30,17,34,5,7,44,8,
6,11,2002,21,23,33,29,44,43,4,
9,11,2002,38,24,32,27,43,1,6,
13,11,2002,26,19,47,8,6,34,5,
16,11,2002,44,24,14,7,3,13,4,
20,11,2002,49,22,24,40,31,26,5,
23,11,2002,32,44,16,34,43,12,3,
27,11,2002,23,32,21,39,44,18,3,
30,11,2002,11,9,10,7,43,47,7,
4,12,2002,26,46,9,6,3,30,1,
7,12,2002,34,24,6,40,8,9,1,
11,12,2002,39,9,33,11,23,32,3,
14,12,2002,13,3,22,6,17,38,2,
18,12,2002,30,36,24,37,44,48,4,
21,12,2002,22,41,12,19,48,11,8,
25,12,2002,25,34,17,14,49,6,6,
28,12,2002,35,42,24,17,13,27,4,
1,1,2003,14,36,45,42,41,11,2,
4,1,2003,24,19,17,44,6,18,6,
8,1,2003,32,37,27,2,30,31,5,
11,1,2003,48,38,32,9,12,43,7,
15,1,2003,42,5,49,3,37,29,0,
18,1,2003,17,41,6,49,35,39,8,
22,1,2003,44,27,19,2,40,14,2,
25,1,2003,13,18,47,37,9,6,9,
29,1,2003,47,30,35,33,24,27,6,
1,2,2003,38,43,36,47,44,20,7,
5,2,2003,8,12,35,11,23,47,6,
8,2,2003,8,32,33,38,48,25,9,
12,2,2003,35,10,31,42,33,41,7,
15,2,2003,4,18,30,12,6,24,4,
19,2,2003,23,24,43,19,34,40,5,
22,2,2003,8,22,49,31,23,35,5,
26,2,2003,10,11,39,17,14,19,9,
1,3,2003,18,45,14,10,40,30,8,
5,3,2003,20,26,43,4,49,36,0,
8,3,2003,39,12,46,45,14,17,7,
12,3,2003,7,33,6,37,19,34,5,
15,3,2003,47,7,33,46,42,13,6,
19,3,2003,37,33,9,16,23,20,1,
22,3,2003,45,36,47,28,17,44,7,
26,3,2003,15,32,16,44,37,25,7,
29,3,2003,14,22,43,46,16,18,5,
2,4,2003,1,21,19,16,14,17,9,
5,4,2003,9,3,1,19,47,42,1,
9,4,2003,39,5,11,17,48,20,3,
12,4,2003,27,32,34,40,14,13,1,
16,4,2003,42,5,4,8,35,34,6,
19,4,2003,10,31,4,46,3,16,1,
23,4,2003,25,14,46,9,6,5,7,
26,4,2003,45,26,17,31,8,24,9,
30,4,2003,26,30,22,17,23,45,7,
3,5,2003,41,32,5,14,48,23,3,
7,5,2003,13,12,25,9,29,33,2,
10,5,2003,9,20,13,38,11,7,4,
14,5,2003,15,45,25,38,28,40,6,
17,5,2003,22,10,44,37,35,1,3,
21,5,2003,19,35,29,10,28,33,2,
24,5,2003,33,3,28,46,14,15,5,
28,5,2003,20,31,8,39,46,40,5,
31,5,2003,38,24,26,12,21,29,1,
4,6,2003,11,32,3,34,36,43,5,
7,6,2003,44,2,37,34,38,41,7,
11,6,2003,38,6,31,49,20,22,9,
14,6,2003,5,2,21,48,38,23,1,
18,6,2003,13,24,41,37,12,10,5,
21,6,2003,19,17,34,23,47,26,8,
25,6,2003,10,39,27,11,5,48,3,
28,6,2003,16,28,14,9,13,47,0,
2,7,2003,1,29,45,46,20,14,2,
5,7,2003,2,8,10,45,46,39,6,
9,7,2003,46,9,42,36,2,7,6,
12,7,2003,5,47,28,21,4,25,5,
16,7,2003,10,29,23,5,33,15,8,
19,7,2003,44,18,24,28,15,30,1,
23,7,2003,15,41,2,49,17,42,6,
26,7,2003,18,31,7,36,37,6,8,
30,7,2003,17,37,39,40,45,8,6,
2,8,2003,21,12,2,15,1,3,3,
6,8,2003,17,25,35,38,45,7,6,
9,8,2003,12,2,1,31,34,11,8,
13,8,2003,9,27,18,6,3,48,5,
16,8,2003,12,45,38,17,4,14,6,
20,8,2003,48,24,42,38,45,44,5,
23,8,2003,34,31,15,2,7,6,6,
27,8,2003,19,23,8,48,5,35,0,
30,8,2003,33,7,25,19,49,42,7,
3,9,2003,43,18,4,5,16,9,6,
6,9,2003,15,8,16,4,26,18,9,
10,9,2003,17,19,48,20,40,35,3,
13,9,2003,11,18,25,22,19,42,2,
17,9,2003,35,13,48,3,23,34,5,
20,9,2003,34,11,26,47,3,27,8,
24,9,2003,43,25,46,20,22,17,6,
27,9,2003,44,17,40,35,7,39,5,
1,10,2003,18,38,5,14,32,9,4,
4,10,2003,30,49,16,19,25,11,1,
8,10,2003,40,16,34,15,8,46,3,
11,10,2003,47,33,7,35,28,31,6,
15,10,2003,31,24,33,32,4,1,4,
18,10,2003,4,35,37,32,41,15,0,
22,10,2003,44,26,6,1,8,19,3,
25,10,2003,27,24,35,49,25,38,9,
29,10,2003,9,43,25,11,47,20,8,
1,11,2003,32,18,4,22,43,21,5,
5,11,2003,13,27,48,10,32,8,6,
8,11,2003,16,47,44,41,31,27,9,
12,11,2003,36,10,41,25,46,14,0,
15,11,2003,38,22,4,33,36,19,8,
19,11,2003,10,39,32,5,27,18,6,
22,11,2003,5,39,8,31,37,25,8,
26,11,2003,26,37,29,27,28,5,2,
29,11,2003,31,8,4,49,28,48,7,
3,12,2003,47,9,41,18,16,48,4,
6,12,2003,41,33,24,20,35,43,2,
10,12,2003,24,15,9,1,43,30,5,
13,12,2003,29,44,11,5,30,26,9,
17,12,2003,20,14,40,11,5,39,3,
20,12,2003,30,24,31,37,43,2,5,
24,12,2003,9,4,14,31,6,27,4,
27,12,2003,36,24,35,7,17,40,0,
31,12,2003,39,22,6,47,31,4,8,
3,1,2004,5,37,15,16,48,41,7,
7,1,2004,49,24,45,10,44,12,7,
10,1,2004,45,42,33,14,13,9,9,
14,1,2004,5,17,19,21,28,23,7,
17,1,2004,34,35,28,40,20,49,0,
21,1,2004,49,29,30,33,22,5,4,
24,1,2004,14,9,26,20,12,48,4,
28,1,2004,15,18,38,33,17,27,2,
31,1,2004,30,22,32,48,16,49,6,
4,2,2004,41,21,2,16,31,1,4,
7,2,2004,26,23,20,17,28,14,1,
11,2,2004,4,17,28,34,27,39,9,
14,2,2004,37,35,32,46,25,23,8,
18,2,2004,40,46,27,30,48,20,3,
21,2,2004,14,38,28,5,9,49,1,
25,2,2004,28,49,5,11,21,13,4,
28,2,2004,24,6,38,18,29,1,5,
3,3,2004,22,29,49,20,44,46,7,
6,3,2004,38,46,24,1,37,3,4,
10,3,2004,40,47,38,4,8,17,2,
13,3,2004,28,32,6,48,21,20,9,
17,3,2004,1,29,15,21,12,34,4,
20,3,2004,16,27,24,32,10,3,4,
24,3,2004,9,31,3,11,44,8,6,
27,3,2004,26,40,49,47,30,28,0,
31,3,2004,22,25,35,20,23,13,4,
3,4,2004,43,30,2,16,10,1,3,
7,4,2004,34,33,4,10,45,6,4,
10,4,2004,25,49,43,5,3,47,6,
14,4,2004,43,38,47,4,12,13,1,
17,4,2004,24,18,26,33,29,32,8,
21,4,2004,3,33,46,32,47,1,1,
24,4,2004,40,33,13,1,37,30,3,
28,4,2004,48,45,25,34,43,29,6,
1,5,2004,49,8,27,9,22,29,6,
5,5,2004,25,6,12,41,46,31,8,
8,5,2004,33,44,43,4,11,37,7,
12,5,2004,13,7,28,38,23,5,7,
15,5,2004,3,34,23,8,32,29,1,
19,5,2004,24,3,44,27,19,13,7,
22,5,2004,44,43,26,31,5,18,7,
26,5,2004,35,12,40,17,21,8,0,
29,5,2004,14,3,4,24,18,40,8,
2,6,2004,10,41,32,43,17,38,4,
5,6,2004,34,19,15,31,41,44,7,
9,6,2004,32,11,40,28,16,5,4,
12,6,2004,3,6,36,13,30,12,9,
16,6,2004,14,11,47,2,34,22,7,
19,6,2004,22,19,27,31,40,26,4,
23,6,2004,39,14,8,13,19,44,4,
26,6,2004,40,35,30,18,31,33,2,
30,6,2004,34,27,6,15,8,33,9,
3,7,2004,20,16,4,49,36,17,5,
7,7,2004,41,12,4,45,11,26,8,
10,7,2004,39,46,40,4,31,2,5,
14,7,2004,34,8,6,42,48,7,4,
17,7,2004,25,24,10,41,23,27,0,
21,7,2004,10,43,11,47,45,38,0,
24,7,2004,13,48,2,27,37,9,0,
28,7,2004,41,30,35,13,3,49,3,
31,7,2004,48,6,9,44,33,3,5,
4,8,2004,17,19,45,43,8,33,3,
7,8,2004,7,5,39,35,26,45,6,
11,8,2004,23,12,27,46,18,32,4,
14,8,2004,12,3,48,40,37,49,1,
18,8,2004,8,33,7,14,23,5,2,
21,8,2004,21,6,31,1,27,47,0,
25,8,2004,30,13,2,19,47,5,9,
28,8,2004,21,1,12,36,31,40,6,
1,9,2004,32,43,31,17,42,41,4,
4,9,2004,40,11,4,19,3,1,4,
8,9,2004,20,38,45,9,3,39,2,
11,9,2004,6,10,16,31,12,17,9,
15,9,2004,31,1,29,27,28,26,6,
18,9,2004,5,17,26,22,1,41,0,
22,9,2004,2,40,28,12,14,6,4,
25,9,2004,33,28,42,5,39,7,2,
29,9,2004,29,1,45,43,28,14,1,
2,10,2004,45,19,29,42,28,11,5,
6,10,2004,23,29,43,9,39,37,0,
9,10,2004,47,11,21,22,15,27,9,
13,10,2004,12,20,42,13,32,11,8,
16,10,2004,23,28,29,21,6,7,7,
20,10,2004,43,7,10,18,6,35,3,
23,10,2004,48,26,32,29,40,34,7,
27,10,2004,7,27,38,29,37,31,3,
30,10,2004,47,30,40,39,27,10,7,
3,11,2004,5,8,48,15,35,22,5,
6,11,2004,33,45,16,47,36,24,9,
10,11,2004,8,45,19,7,25,28,4,
13,11,2004,27,5,41,43,46,42,9,
17,11,2004,26,15,43,17,5,24,9,
20,11,2004,49,33,46,7,18,19,6,
24,11,2004,8,35,36,7,31,49,5,
27,11,2004,47,39,41,36,18,27,0,
1,12,2004,38,28,3,10,45,13,2,
4,12,2004,2,36,8,40,38,17,1,
8,12,2004,4,30,14,32,25,15,3,
11,12,2004,9,42,35,33,7,3,2,
15,12,2004,48,45,34,13,19,6,9,
18,12,2004,16,12,1,22,30,10,9,
22,12,2004,16,43,20,19,15,5,0,
25,12,2004,22,47,41,9,48,13,6,
29,12,2004,39,5,25,28,26,4,7,
1,1,2005,27,44,22,21,36,2,2,
5,1,2005,11,26,24,20,41,1,8,
8,1,2005,2,14,5,42,39,35,8,
12,1,2005,30,45,5,3,10,6,3,
15,1,2005,41,17,45,28,37,6,3,
19,1,2005,36,45,39,8,7,14,3,
22,1,2005,35,2,4,47,39,23,9,
26,1,2005,42,24,36,45,32,4,0,
29,1,2005,14,23,28,9,36,21,4,
2,2,2005,22,44,6,36,30,26,1,
5,2,2005,7,11,17,42,21,18,8,
9,2,2005,46,44,39,10,15,19,3,
12,2,2005,27,41,16,33,31,36,1,
16,2,2005,22,6,1,19,46,10,1,
19,2,2005,41,45,42,36,26,9,6,
23,2,2005,20,39,45,34,38,37,5,
26,2,2005,16,7,37,23,25,1,0,
2,3,2005,39,27,25,24,9,35,0,
5,3,2005,47,8,5,16,43,26,2,
9,3,2005,16,27,7,35,33,44,0,
12,3,2005,39,3,6,24,20,2,5,
16,3,2005,29,33,16,6,40,4,5,
19,3,2005,5,4,9,7,49,48,3,
23,3,2005,18,45,21,33,48,32,1,
26,3,2005,2,34,35,21,48,7,6,
30,3,2005,40,14,46,7,1,3,9,
2,4,2005,5,49,8,37,43,18,6,
6,4,2005,14,47,6,28,43,32,8,
9,4,2005,11,30,39,40,32,29,5,
13,4,2005,26,42,28,36,22,15,2,
16,4,2005,24,1,19,18,36,26,7,
20,4,2005,16,9,25,43,6,20,9,
23,4,2005,13,4,37,7,21,49,9,
27,4,2005,48,5,6,27,41,18,1,
30,4,2005,34,18,22,8,48,31,3,
4,5,2005,30,21,7,39,3,24,0,
7,5,2005,38,43,9,29,25,6,4,
11,5,2005,18,49,46,2,47,22,6,
14,5,2005,35,38,37,14,30,25,6,
18,5,2005,44,20,18,27,1,26,2,
21,5,2005,21,41,40,37,49,2,4,
25,5,2005,47,23,33,49,22,43,0,
28,5,2005,34,29,28,7,6,43,5,
1,6,2005,29,2,32,33,15,39,2,
4,6,2005,19,25,43,47,1,6,8,
8,6,2005,25,23,10,45,6,49,7,
11,6,2005,29,24,18,9,30,13,8,
15,6,2005,18,12,11,14,32,31,3,
18,6,2005,49,18,26,27,8,28,9,
22,6,2005,33,48,5,44,41,40,5,
25,6,2005,24,5,20,40,21,17,9,
29,6,2005,18,7,25,26,41,16,1,
2,7,2005,41,12,40,17,1,29,4,
6,7,2005,47,11,16,29,38,35,8,
9,7,2005,48,27,4,5,40,42,3,
13,7,2005,47,14,18,10,39,24,9,
16,7,2005,1,42,49,30,25,31,1,
20,7,2005,4,43,19,10,25,33,3,
23,7,2005,46,2,37,14,47,45,9,
27,7,2005,15,25,27,47,38,16,8,
30,7,2005,45,19,42,12,22,43,1,
3,8,2005,10,24,33,4,12,7,7,
6,8,2005,24,33,23,7,1,42,5,
10,8,2005,35,45,8,9,16,20,1,
13,8,2005,34,35,10,25,44,26,4,
17,8,2005,10,16,23,45,22,9,0,
20,8,2005,1,2,40,17,22,18,5,
24,8,2005,22,43,11,38,7,49,8,
27,8,2005,23,42,1,9,38,47,7,
31,8,2005,15,8,24,1,29,12,3,
3,9,2005,20,46,49,41,5,24,8,
7,9,2005,33,7,2,6,20,24,8,
10,9,2005,37,48,17,31,19,27,1,
14,9,2005,10,47,26,41,35,22,4,
17,9,2005,29,16,8,17,28,43,9,
21,9,2005,36,14,22,28,46,38,8,
24,9,2005,48,9,26,23,40,25,9,
28,9,2005,32,25,11,37,28,44,7,
1,10,2005,20,37,9,47,44,14,0,
5,10,2005,47,30,23,36,11,19,0,
8,10,2005,5,25,43,14,49,6,8,
12,10,2005,35,3,36,41,10,2,7,
15,10,2005,3,40,36,9,15,43,8,
19,10,2005,26,24,23,35,1,30,3,
22,10,2005,31,11,9,26,47,4,2,
26,10,2005,34,21,35,24,9,19,7,
29,10,2005,18,5,31,11,30,2,4,
2,11,2005,27,14,13,17,16,25,0,
5,11,2005,47,40,29,5,7,46,1,
9,11,2005,30,4,19,26,47,46,0,
12,11,2005,33,16,28,12,36,40,8,
16,11,2005,2,23,16,17,27,38,0,
19,11,2005,40,4,49,38,1,30,7,
23,11,2005,18,47,49,45,24,15,4,
26,11,2005,34,12,5,21,40,32,4,
30,11,2005,25,46,20,40,22,35,2,
3,12,2005,17,49,6,47,36,2,3,
7,12,2005,47,7,28,34,29,35,0,
10,12,2005,7,46,30,33,28,2,6,
14,12,2005,40,41,25,49,39,16,7,
17,12,2005,3,22,10,42,41,9,8,
21,12,2005,34,26,30,24,9,18,1,
24,12,2005,38,8,30,24,36,19,0,
28,12,2005,40,41,36,49,7,11,7,
31,12,2005,42,36,13,21,44,35,3,
4,1,2006,12,13,20,41,11,5,7,
7,1,2006,31,26,17,3,21,19,5,
11,1,2006,4,5,16,19,26,1,3,
14,1,2006,10,19,39,31,27,14,0,
18,1,2006,13,14,12,18,27,44,7,
21,1,2006,6,27,17,39,35,20,4,
25,1,2006,36,4,23,13,49,17,0,
28,1,2006,33,49,5,38,37,40,3,
1,2,2006,38,7,22,13,35,23,6,
4,2,2006,26,43,28,39,35,27,4,
8,2,2006,12,5,6,29,34,1,1,
11,2,2006,1,45,14,26,10,49,8,
15,2,2006,26,11,20,17,30,19,3,
18,2,2006,18,5,40,6,4,21,7,
22,2,2006,14,48,7,30,6,15,5,
25,2,2006,18,10,21,36,17,9,5,
1,3,2006,22,48,37,19,2,41,9,
4,3,2006,36,17,37,11,23,7,5,
8,3,2006,9,4,19,15,30,33,8,
11,3,2006,46,48,12,3,9,36,8,
15,3,2006,1,10,14,9,3,38,2,
18,3,2006,5,9,17,47,43,38,3,
22,3,2006,3,40,19,24,4,9,3,
25,3,2006,21,10,3,28,12,32,3,
29,3,2006,16,30,26,10,17,3,3,
1,4,2006,25,39,6,4,21,35,3,
5,4,2006,32,21,30,9,27,46,1,
8,4,2006,17,44,25,3,10,46,7,
12,4,2006,48,15,20,46,23,47,9,
15,4,2006,2,18,4,8,5,40,7,
19,4,2006,13,11,47,41,32,18,4,
22,4,2006,44,24,9,39,3,35,5,
26,4,2006,16,31,12,17,34,43,7,
29,4,2006,38,48,37,22,12,25,1,
3,5,2006,44,18,5,35,23,10,7,
6,5,2006,28,15,31,5,26,37,8,
10,5,2006,24,35,33,39,47,6,4,
13,5,2006,45,26,40,27,12,9,1,
17,5,2006,31,35,45,40,1,22,3,
20,5,2006,25,19,40,49,42,10,7,
24,5,2006,17,47,21,45,2,31,8,
27,5,2006,22,14,29,35,30,43,4,
31,5,2006,49,45,48,33,26,11,4,
3,6,2006,3,24,1,10,49,17,8,
7,6,2006,7,34,45,23,29,1,4,
10,6,2006,20,29,19,13,25,44,3,
14,6,2006,5,45,17,12,29,7,4,
17,6,2006,45,31,10,41,40,49,9,
21,6,2006,45,19,48,43,18,34,3,
24,6,2006,48,22,30,47,5,13,3,
28,6,2006,14,42,41,4,8,6,1,
1,7,2006,12,25,6,27,18,35,3,
5,7,2006,34,10,7,19,41,32,9,
8,7,2006,30,9,31,24,28,49,6,
12,7,2006,43,27,34,22,35,6,5,
15,7,2006,30,5,28,25,40,41,0,
19,7,2006,47,46,25,5,44,31,0,
22,7,2006,31,41,37,5,25,3,8,
26,7,2006,49,20,11,30,18,4,5,
29,7,2006,21,13,25,34,48,17,0,
2,8,2006,20,28,40,43,23,16,1,
5,8,2006,7,43,1,9,46,12,6,
9,8,2006,4,29,36,39,33,30,5,
12,8,2006,14,42,32,5,1,48,2,
16,8,2006,41,48,32,2,30,19,2,
19,8,2006,4,24,8,33,5,43,4,
23,8,2006,30,2,38,28,12,9,0,
26,8,2006,1,20,39,24,25,4,8,
30,8,2006,45,48,21,22,25,37,1,
2,9,2006,38,46,36,48,6,34,0,
6,9,2006,38,25,5,40,39,3,2,
9,9,2006,42,23,43,47,2,13,1,
13,9,2006,14,10,22,39,17,31,5,
16,9,2006,7,17,16,47,9,5,5,
20,9,2006,22,36,1,15,24,3,3,
23,9,2006,48,38,3,14,31,35,3,
27,9,2006,13,20,38,33,45,27,6,
30,9,2006,42,10,35,17,27,46,2,
4,10,2006,12,38,6,8,33,42,6,
7,10,2006,30,34,31,41,48,28,4,
11,10,2006,19,40,26,45,30,43,4,
14,10,2006,39,6,34,30,7,33,6,
18,10,2006,25,36,8,37,40,1,3,
21,10,2006,17,1,21,47,39,24,8,
25,10,2006,30,46,32,12,11,33,3,
28,10,2006,44,1,30,48,49,7,0,
1,11,2006,40,23,14,42,48,10,0,
4,11,2006,31,14,46,6,39,28,2,
8,11,2006,27,37,10,20,15,6,3,
11,11,2006,49,13,28,47,1,19,4,
15,11,2006,26,21,49,7,27,2,6,
18,11,2006,38,43,28,2,1,8,4,
22,11,2006,42,22,12,34,29,33,4,
25,11,2006,42,49,33,27,41,34,9,
29,11,2006,13,28,2,45,42,20,6,
2,12,2006,4,42,9,44,17,45,2,
6,12,2006,3,2,23,6,39,35,2,
9,12,2006,34,26,12,7,24,33,7,
13,12,2006,5,22,20,6,45,18,8,
16,12,2006,4,31,49,19,48,23,0,
20,12,2006,10,4,29,46,49,44,5,
23,12,2006,41,11,16,36,38,3,3,
27,12,2006,43,9,26,15,13,38,3,
30,12,2006,16,1,44,47,23,39,9,
3,1,2007,35,45,30,4,36,2,1,
6,1,2007,10,11,38,5,35,39,2,
10,1,2007,36,27,4,6,40,37,4,
13,1,2007,8,41,19,47,38,29,9,
17,1,2007,32,9,14,46,12,27,9,
20,1,2007,27,19,38,36,33,28,9,
24,1,2007,42,10,34,33,8,11,7,
27,1,2007,40,45,18,27,44,15,1,
31,1,2007,8,44,26,20,10,3,2,
3,2,2007,27,34,21,5,36,18,7,
7,2,2007,6,11,7,48,23,16,1,
10,2,2007,16,26,20,38,4,32,4,
14,2,2007,45,7,33,8,24,44,8,
17,2,2007,1,31,39,34,14,49,2,
21,2,2007,23,13,41,14,43,38,8,
24,2,2007,13,33,14,36,8,11,4,
28,2,2007,14,43,26,31,28,13,8,
3,3,2007,16,7,26,4,29,23,9,
7,3,2007,9,43,24,17,49,19,7,
10,3,2007,42,49,18,23,5,30,0,
14,3,2007,3,22,24,15,5,37,5,
17,3,2007,6,11,26,9,10,22,2,
21,3,2007,31,11,33,6,2,3,7,
24,3,2007,25,32,29,28,24,1,4,
28,3,2007,3,41,27,15,11,26,0,
31,3,2007,15,2,28,31,35,33,8,
4,4,2007,3,43,7,31,21,5,4,
7,4,2007,33,17,8,6,49,29,9,
11,4,2007,17,10,15,7,22,47,0,
14,4,2007,49,41,44,45,34,37,5,
18,4,2007,31,14,22,39,45,37,6,
21,4,2007,3,13,1,6,19,46,6,
25,4,2007,13,36,42,43,34,7,5,
28,4,2007,30,15,19,39,37,8,5,
2,5,2007,48,23,22,34,40,30,5,
5,5,2007,32,15,20,13,37,49,1,
9,5,2007,44,46,15,8,22,47,0,
12,5,2007,21,22,31,28,17,42,7,
16,5,2007,12,42,10,16,40,23,2,
19,5,2007,9,4,21,29,34,7,7,
23,5,2007,20,10,45,31,19,9,8,
26,5,2007,42,17,1,25,41,26,7,
30,5,2007,18,14,34,23,39,27,2,
2,6,2007,18,24,44,31,13,28,1,
6,6,2007,45,12,29,25,4,44,0,
9,6,2007,23,42,31,32,22,19,1,
13,6,2007,6,23,16,38,45,3,6,
16,6,2007,2,18,49,26,34,39,0,
20,6,2007,17,11,39,12,3,7,8,
23,6,2007,25,41,33,10,36,29,3,
27,6,2007,3,34,4,10,8,17,1,
30,6,2007,31,2,36,1,16,5,9,
4,7,2007,21,24,30,16,20,38,3,
7,7,2007,23,27,11,8,34,25,7,
11,7,2007,47,6,15,49,28,46,8,
14,7,2007,33,10,9,3,23,11,5,
18,7,2007,36,39,27,20,4,24,5,
21,7,2007,20,36,4,29,44,14,5,
25,7,2007,35,13,20,43,26,23,6,
28,7,2007,28,6,8,14,33,18,9,
1,8,2007,33,17,40,7,42,14,5,
4,8,2007,43,30,4,32,20,7,8,
8,8,2007,13,24,37,7,17,44,3,
11,8,2007,19,17,11,6,42,4,1,
15,8,2007,31,13,1,28,37,27,7,
18,8,2007,8,24,1,45,23,11,5,
22,8,2007,49,38,33,31,39,14,4,
25,8,2007,11,49,30,22,48,44,4,
29,8,2007,43,31,16,2,7,20,5,
1,9,2007,33,45,26,8,41,43,6,
5,9,2007,1,30,24,9,31,48,4,
8,9,2007,27,2,34,26,31,14,4,
12,9,2007,49,1,36,28,31,38,6,
15,9,2007,28,27,36,21,49,1,0,
19,9,2007,32,34,28,14,6,40,0,
22,9,2007,36,6,3,34,41,11,2,
26,9,2007,39,11,43,15,34,31,7,
29,9,2007,9,27,22,40,20,29,0,
3,10,2007,33,2,48,14,42,49,9,
6,10,2007,26,6,25,45,12,3,2,
10,10,2007,29,36,34,13,15,25,7,
13,10,2007,41,24,3,9,10,47,1,
17,10,2007,34,22,46,43,42,26,9,
20,10,2007,49,37,36,34,28,17,4,
24,10,2007,20,7,23,15,14,46,2,
27,10,2007,4,47,16,12,3,8,7,
31,10,2007,6,49,29,34,22,46,6,
3,11,2007,41,21,15,11,13,2,8,
7,11,2007,33,10,18,6,28,38,8,
10,11,2007,41,5,12,1,15,3,4,
14,11,2007,47,45,27,8,48,2,5,
17,11,2007,15,42,30,9,1,26,1,
21,11,2007,47,25,41,34,40,43,8,
24,11,2007,39,13,49,42,14,45,4,
28,11,2007,7,49,16,8,10,40,0,
1,12,2007,35,29,12,23,41,21,0,
5,12,2007,28,24,42,39,10,9,3,
8,12,2007,2,25,24,19,1,47,0,
12,12,2007,44,46,10,34,13,23,1,
15,12,2007,13,49,37,26,18,3,6,
19,12,2007,3,32,45,37,29,7,0,
22,12,2007,34,10,45,33,9,41,9,
26,12,2007,20,12,13,37,17,31,2,
29,12,2007,2,26,23,12,28,42,5,
2,1,2008,10,27,2,30,7,49,2,
5,1,2008,10,33,37,9,17,45,7,
9,1,2008,28,30,40,38,41,26,2,
12,1,2008,10,4,11,45,3,47,7,
16,1,2008,48,16,19,8,27,47,0,
19,1,2008,30,31,20,7,23,22,2,
23,1,2008,10,11,37,28,15,16,1,
26,1,2008,20,10,37,6,4,26,8,
30,1,2008,46,6,12,48,7,27,8,
2,2,2008,39,14,27,9,6,28,2,
6,2,2008,25,41,4,6,49,26,9,
9,2,2008,1,13,25,27,10,45,2,
13,2,2008,20,25,42,1,7,33,0,
16,2,2008,7,22,11,43,44,6,6,
20,2,2008,1,22,42,23,37,18,7,
23,2,2008,44,39,12,40,13,1,7,
27,2,2008,34,21,9,18,39,36,0,
1,3,2008,39,20,22,19,5,4,2,
5,3,2008,16,6,34,18,44,12,7,
8,3,2008,35,9,6,22,37,12,8,
12,3,2008,24,37,9,2,22,44,8,
15,3,2008,40,26,5,7,42,33,6,
19,3,2008,21,48,4,34,22,43,4,
22,3,2008,34,43,31,11,6,42,5,
26,3,2008,28,34,10,36,29,17,4,
29,3,2008,23,37,21,29,10,31,8,
2,4,2008,14,48,1,31,33,36,2,
5,4,2008,5,3,34,27,9,48,1,
9,4,2008,27,35,31,42,8,2,4,
12,4,2008,41,22,23,42,5,34,2,
16,4,2008,40,9,28,46,10,11,1,
19,4,2008,24,23,38,13,10,48,7,
23,4,2008,26,39,32,8,35,2,9,
26,4,2008,43,33,8,14,3,25,3,
30,4,2008,5,40,4,39,45,37,3,
3,5,2008,44,10,30,8,29,20,7,
7,5,2008,36,30,16,49,31,24,9,
10,5,2008,9,31,12,24,11,23,2,
14,5,2008,41,13,29,38,8,18,1,
17,5,2008,22,35,8,20,25,34,7,
21,5,2008,2,10,21,48,16,45,0,
24,5,2008,6,34,37,2,9,46,5,
28,5,2008,9,34,3,31,32,24,6,
31,5,2008,7,17,22,12,41,27,6,
4,6,2008,7,47,27,30,43,8,4,
7,6,2008,17,42,19,7,20,47,4,
11,6,2008,47,44,24,31,16,41,2,
14,6,2008,32,30,24,44,36,21,1,
18,6,2008,32,39,43,4,3,40,5,
21,6,2008,2,30,32,45,43,15,5,
25,6,2008,20,13,47,30,32,37,4,
28,6,2008,46,30,5,7,9,21,6,
2,7,2008,1,23,9,12,27,22,6,
5,7,2008,42,11,49,7,6,15,2,
9,7,2008,11,34,12,9,44,21,4,
12,7,2008,40,22,27,4,2,10,7,
16,7,2008,15,24,32,17,37,27,2,
19,7,2008,15,41,38,20,43,8,0,
23,7,2008,22,2,38,42,15,25,4,
26,7,2008,44,47,49,12,10,15,4,
30,7,2008,36,23,4,29,25,45,0,
2,8,2008,4,1,16,46,35,34,5,
6,8,2008,28,17,22,29,40,4,3,
9,8,2008,26,16,30,37,42,38,1,
13,8,2008,4,45,26,41,14,32,2,
16,8,2008,1,8,36,22,42,19,1,
20,8,2008,40,15,36,19,16,28,7,
23,8,2008,43,26,4,28,10,20,7,
27,8,2008,31,29,20,33,18,15,9,
30,8,2008,11,48,20,8,36,21,4,
3,9,2008,7,3,38,45,43,8,2,
6,9,2008,26,35,49,15,20,14,1,
10,9,2008,34,24,23,32,2,10,2,
13,9,2008,27,3,22,2,38,48,4,
17,9,2008,7,35,47,8,17,36,0,
20,9,2008,6,4,34,28,7,43,6,
24,9,2008,21,3,39,28,47,45,4,
27,9,2008,11,37,39,28,27,29,7,
1,10,2008,20,42,11,9,35,31,2,
4,10,2008,4,16,11,43,12,21,1,
8,10,2008,9,13,5,30,39,11,3,
11,10,2008,5,13,22,29,18,2,3,
15,10,2008,4,35,34,47,26,14,8,
18,10,2008,25,10,21,36,1,35,9,
22,10,2008,20,18,17,31,15,13,5,
25,10,2008,43,46,47,24,34,1,3,
29,10,2008,4,21,45,42,26,31,8,
1,11,2008,28,6,27,26,43,25,3,
5,11,2008,49,3,44,4,12,2,2,
8,11,2008,42,25,4,9,33,16,8,
12,11,2008,5,20,33,16,41,48,6,
15,11,2008,31,23,48,3,39,41,5,
19,11,2008,36,17,44,14,4,32,3,
22,11,2008,42,11,41,12,35,23,7,
26,11,2008,23,32,49,2,25,43,4,
29,11,2008,7,12,22,43,9,19,5,
3,12,2008,33,16,8,44,15,47,3,
6,12,2008,24,15,23,32,5,7,8,
10,12,2008,14,12,38,17,15,31,4,
13,12,2008,6,44,45,13,18,22,8,
17,12,2008,1,12,32,24,49,16,8,
20,12,2008,19,4,28,11,46,48,9,
24,12,2008,42,1,43,22,47,39,2,
27,12,2008,24,11,31,16,13,3,0,
31,12,2008,36,49,29,30,6,24,2,
3,1,2009,21,14,46,40,6,10,0,
7,1,2009,26,23,20,3,37,6,7,
10,1,2009,18,17,6,49,41,37,4,
14,1,2009,29,9,7,1,22,32,1,
17,1,2009,38,4,12,32,42,46,1,
21,1,2009,10,40,7,5,8,38,0,
24,1,2009,36,2,14,16,12,46,0,
28,1,2009,47,15,3,1,38,24,0,
31,1,2009,9,11,17,31,7,14,2,
4,2,2009,21,5,46,10,42,2,1,
7,2,2009,39,13,48,35,15,2,3,
11,2,2009,22,43,13,42,39,41,7,
14,2,2009,28,17,40,42,29,47,2,
18,2,2009,15,43,48,39,49,19,3,
21,2,2009,3,29,41,14,18,31,7,
25,2,2009,34,7,22,10,43,2,1,
28,2,2009,22,1,21,15,20,33,6,
4,3,2009,31,38,44,42,28,6,4,
7,3,2009,33,26,44,37,38,7,8,
11,3,2009,32,39,48,47,13,8,5,
14,3,2009,5,44,49,8,26,45,4,
18,3,2009,17,37,47,42,4,29,5,
21,3,2009,21,34,10,13,23,38,5,
25,3,2009,31,49,25,32,41,14,8,
28,3,2009,4,47,44,41,49,3,0,
1,4,2009,13,21,3,33,32,17,8,
4,4,2009,11,2,36,26,22,1,4,
8,4,2009,29,19,5,28,37,12,1,
11,4,2009,3,17,7,2,38,37,4,
15,4,2009,2,4,20,42,48,9,5,
18,4,2009,10,20,5,2,42,25,7,
22,4,2009,45,6,11,24,31,32,7,
25,4,2009,43,35,6,19,11,18,0,
29,4,2009,40,15,7,41,10,14,9,
2,5,2009,18,26,2,17,41,13,0,
6,5,2009,2,1,45,44,7,41,3,
9,5,2009,30,40,22,8,24,36,8,
13,5,2009,25,16,34,45,41,47,5,
16,5,2009,36,15,32,47,42,35,8,
20,5,2009,8,6,47,31,27,28,5,
23,5,2009,33,28,20,29,13,14,9,
27,5,2009,11,44,16,9,19,42,4,
30,5,2009,17,35,18,21,36,43,9,
3,6,2009,15,3,9,21,33,18,7,
6,6,2009,35,3,23,10,13,27,2,
10,6,2009,32,11,35,36,23,28,3,
13,6,2009,6,48,38,4,42,46,7,
17,6,2009,10,40,43,7,29,42,4,
20,6,2009,37,35,46,18,26,41,7,
24,6,2009,39,32,19,9,36,37,3,
27,6,2009,37,38,47,45,3,14,1,
1,7,2009,32,11,49,2,26,18,5,
4,7,2009,32,31,11,39,15,30,1,
8,7,2009,4,36,31,40,5,43,6,
11,7,2009,43,12,1,14,27,3,0,
15,7,2009,2,43,6,14,38,25,0,
18,7,2009,1,5,9,45,30,2,5,
22,7,2009,32,3,19,43,40,8,6,
25,7,2009,6,31,11,24,35,23,0,
29,7,2009,37,20,13,32,9,10,3,
1,8,2009,2,46,44,35,16,30,8,
5,8,2009,13,4,36,15,39,19,5,
8,8,2009,34,19,41,38,32,9,2,
12,8,2009,15,40,8,37,24,28,0,
15,8,2009,23,42,8,34,3,5,5,
19,8,2009,35,32,39,43,22,44,9,
22,8,2009,12,22,14,8,17,25,9,
26,8,2009,33,43,22,23,15,26,6,
29,8,2009,23,36,35,24,44,13,6,
2,9,2009,8,34,30,39,7,29,4,
5,9,2009,25,24,45,26,4,12,8,
9,9,2009,22,12,16,34,43,29,1,
12,9,2009,19,23,40,41,34,5,8,
16,9,2009,32,27,31,22,5,49,3,
19,9,2009,39,11,33,22,14,17,0,
23,9,2009,23,43,30,3,4,44,6,
26,9,2009,8,25,33,9,39,45,4,
30,9,2009,31,22,20,37,41,30,6,
3,10,2009,36,16,19,34,27,11,4,
7,10,2009,38,45,34,48,10,28,0,
10,10,2009,15,20,27,24,40,16,8,
14,10,2009,41,47,43,23,22,10,8,
17,10,2009,44,24,31,43,45,39,4,
21,10,2009,16,25,40,44,42,10,4,
24,10,2009,24,48,5,22,39,18,1,
28,10,2009,42,48,43,39,45,16,5,
31,10,2009,21,25,13,22,33,7,7,
4,11,2009,14,8,2,6,28,4,5,
7,11,2009,34,37,9,28,1,27,8,
11,11,2009,19,32,11,10,46,42,5,
14,11,2009,1,44,11,25,3,10,8,
18,11,2009,16,25,23,8,44,6,2,
21,11,2009,47,24,4,44,14,8,1,
25,11,2009,10,18,43,12,24,44,3,
28,11,2009,30,33,45,24,34,36,6,
2,12,2009,30,32,24,12,31,17,9,
5,12,2009,7,6,16,42,8,29,8,
9,12,2009,1,5,26,13,22,29,1,
12,12,2009,26,4,38,49,18,22,5,
16,12,2009,19,8,18,11,2,38,4,
19,12,2009,47,14,18,15,7,29,3,
23,12,2009,5,36,28,44,48,2,8,
26,12,2009,24,11,16,7,49,39,8,
30,12,2009,37,10,40,25,22,16,5,
2,1,2010,3,43,30,6,32,31,2,
6,1,2010,48,17,20,24,14,2,1,
9,1,2010,2,22,33,24,37,46,9,
13,1,2010,38,2,13,40,43,34,8,
16,1,2010,12,7,6,34,18,17,4,
20,1,2010,46,47,15,28,11,9,9,
23,1,2010,39,28,31,21,16,14,5,
27,1,2010,39,43,7,46,10,5,5,
30,1,2010,17,49,46,13,11,34,7,
3,2,2010,8,43,4,10,16,37,6,
6,2,2010,15,10,22,34,41,49,2,
10,2,2010,9,29,44,6,49,12,7,
13,2,2010,11,36,15,5,20,48,2,
17,2,2010,17,35,31,22,38,44,5,
20,2,2010,10,24,25,20,47,2,3,
24,2,2010,25,3,12,6,22,41,2,
27,2,2010,45,30,6,33,26,4,7,
3,3,2010,45,3,9,17,47,37,1,
6,3,2010,38,39,35,27,13,18,2,
10,3,2010,49,16,46,18,45,27,7,
13,3,2010,10,23,27,15,35,24,9,
17,3,2010,23,19,25,20,34,30,0,
20,3,2010,30,21,24,6,20,22,0,
24,3,2010,9,15,40,47,25,19,7,
27,3,2010,10,14,49,36,45,4,8,
31,3,2010,46,41,49,14,25,47,3,
3,4,2010,48,40,24,13,32,12,8,
7,4,2010,18,14,35,32,26,24,2,
10,4,2010,37,3,2,47,34,8,9,
14,4,2010,35,42,13,18,37,5,1,
17,4,2010,10,11,35,38,17,16,1,
21,4,2010,41,40,23,33,13,5,7,
24,4,2010,45,29,12,26,7,46,1,
28,4,2010,40,3,30,39,19,26,1,
1,5,2010,19,16,10,37,20,49,4,
5,5,2010,11,12,36,17,19,44,7,
8,5,2010,40,31,16,39,36,49,8,
12,5,2010,20,27,1,26,24,40,4,
15,5,2010,41,10,36,5,35,11,5,
19,5,2010,19,25,42,37,34,30,1,
22,5,2010,19,12,39,13,49,43,9,
26,5,2010,49,39,16,6,11,41,9,
29,5,2010,47,46,20,33,26,17,1,
2,6,2010,9,34,18,23,32,20,0,
5,6,2010,28,5,43,46,32,21,8,
9,6,2010,25,29,42,14,33,37,3,
12,6,2010,9,20,17,4,25,35,4,
16,6,2010,40,7,34,29,28,27,0,
19,6,2010,42,21,13,22,41,14,6,
23,6,2010,1,23,48,25,18,44,5,
26,6,2010,25,48,41,39,49,33,3,
30,6,2010,33,2,36,13,14,7,6,
3,7,2010,1,27,13,45,46,47,8,
7,7,2010,42,28,17,32,35,6,6,
10,7,2010,2,19,17,42,7,3,6,
14,7,2010,28,42,20,11,10,23,6,
17,7,2010,29,20,36,11,7,49,7,
21,7,2010,43,17,22,31,20,28,1,
24,7,2010,15,43,24,4,37,21,1,
28,7,2010,16,20,40,34,33,46,1,
31,7,2010,34,24,46,49,22,25,7,
4,8,2010,28,31,13,30,46,33,4,
7,8,2010,32,6,29,33,44,20,2,
11,8,2010,6,3,17,33,7,13,2,
14,8,2010,43,32,4,14,8,30,5,
18,8,2010,2,16,9,47,14,37,8,
21,8,2010,30,26,5,15,22,18,4,
25,8,2010,49,36,28,44,9,43,7,
28,8,2010,4,35,40,6,22,31,7,
1,9,2010,4,11,36,16,29,19,9,
4,9,2010,35,3,25,19,6,48,3,
8,9,2010,13,11,40,32,12,5,9,
11,9,2010,28,43,48,41,26,39,8,
15,9,2010,41,31,43,29,1,32,4,
18,9,2010,4,37,30,29,35,24,3,
22,9,2010,2,5,4,17,9,12,7,
25,9,2010,2,46,12,4,25,1,1,
29,9,2010,23,4,16,41,32,9,7,
2,10,2010,28,27,15,5,17,29,2,
6,10,2010,3,11,2,30,19,43,3,
9,10,2010,11,19,22,15,12,21,9,
13,10,2010,33,3,16,21,40,32,5,
16,10,2010,13,47,8,45,19,33,7,
20,10,2010,22,7,33,19,15,1,0,
23,10,2010,34,43,29,8,9,23,8,
27,10,2010,13,44,28,12,25,18,3,
30,10,2010,49,11,12,30,15,39,2,
3,11,2010,1,45,39,5,9,47,0,
6,11,2010,33,14,34,17,18,4,3,
10,11,2010,21,8,11,49,22,12,0,
13,11,2010,13,43,8,24,19,17,8,
17,11,2010,28,16,1,18,24,47,8,
20,11,2010,32,4,34,17,29,33,5,
24,11,2010,33,5,8,26,35,46,1,
27,11,2010,1,8,4,35,45,10,7,
1,12,2010,41,15,32,39,20,25,2,
4,12,2010,37,18,41,24,48,13,2,
8,12,2010,18,16,14,7,26,2,5,
11,12,2010,5,16,7,43,31,27,0,
15,12,2010,28,14,45,43,3,9,0,
18,12,2010,39,42,16,4,21,40,3,
22,12,2010,6,36,45,26,35,18,4,
25,12,2010,46,9,29,2,10,11,7,
29,12,2010,15,20,37,14,48,42,2,
1,1,2011,14,2,18,36,26,35,1,
5,1,2011,49,46,36,29,24,42,7,
8,1,2011,27,26,33,41,32,23,5,
12,1,2011,8,23,2,22,12,28,2,
15,1,2011,13,12,33,21,26,38,3,
19,1,2011,6,8,35,29,5,34,1,
22,1,2011,3,23,7,35,19,14,5,
26,1,2011,34,22,23,37,28,6,4,
29,1,2011,35,30,8,11,45,21,7,
2,2,2011,15,17,6,46,34,22,4,
5,2,2011,11,41,34,24,9,35,8,
9,2,2011,46,41,23,13,39,14,3,
12,2,2011,1,2,32,24,31,5,4,
16,2,2011,11,25,3,8,46,30,0,
19,2,2011,33,47,42,16,12,14,5,
23,2,2011,40,27,39,6,16,22,1,
26,2,2011,18,32,19,47,49,38,6,
2,3,2011,36,38,48,4,42,9,0,
5,3,2011,33,28,13,39,7,15,5,
9,3,2011,41,48,27,6,13,14,9,
12,3,2011,9,19,31,15,43,38,9,
16,3,2011,5,41,35,18,48,20,4,
19,3,2011,46,11,10,41,16,21,6,
23,3,2011,34,11,40,16,42,5,4,
26,3,2011,19,37,17,28,20,25,7,
30,3,2011,18,31,37,32,13,23,7,
2,4,2011,25,33,16,1,29,47,5,
6,4,2011,19,31,14,9,39,27,0,
9,4,2011,32,26,12,39,44,47,8,
13,4,2011,47,26,6,23,16,9,5,
16,4,2011,35,49,4,19,17,3,3,
20,4,2011,36,40,13,20,39,44,9,
23,4,2011,41,6,29,22,16,18,2,
27,4,2011,33,21,42,16,32,46,7,
30,4,2011,19,33,10,34,29,12,0,
4,5,2011,14,36,22,6,40,30,1,
7,5,2011,23,34,29,5,41,12,2,
11,5,2011,31,35,29,26,8,28,5,
14,5,2011,10,31,9,11,20,1,3,
18,5,2011,33,30,13,27,41,3,1,
21,5,2011,36,49,24,13,45,28,0,
25,5,2011,38,35,8,26,1,27,6,
28,5,2011,46,4,19,17,34,29,6,
1,6,2011,11,10,13,22,41,20,9,
4,6,2011,17,46,38,34,37,22,5,
8,6,2011,4,38,24,15,31,49,5,
11,6,2011,46,16,8,28,18,34,9,
15,6,2011,23,6,22,21,32,44,3,
18,6,2011,25,21,6,41,14,24,6,
22,6,2011,37,1,29,34,4,24,4,
25,6,2011,42,4,20,3,28,37,1,
29,6,2011,36,30,8,45,22,10,7,
2,7,2011,16,19,40,22,10,7,8,
6,7,2011,32,38,11,14,6,27,2,
9,7,2011,45,18,23,36,9,11,2,
13,7,2011,30,26,25,47,1,39,1,
16,7,2011,3,27,15,14,38,22,6,
20,7,2011,42,19,49,11,23,7,3,
23,7,2011,8,24,18,33,20,12,0,
27,7,2011,32,26,11,16,12,35,8,
30,7,2011,40,42,8,11,44,21,5,
3,8,2011,4,40,33,41,8,43,6,
6,8,2011,11,41,33,49,9,36,5,
10,8,2011,12,23,22,8,26,16,5,
13,8,2011,31,14,13,34,21,29,2,
17,8,2011,25,1,18,16,11,20,6,
20,8,2011,7,32,2,41,31,22,6,
24,8,2011,36,31,19,28,33,41,6,
27,8,2011,44,29,43,49,27,40,0,
31,8,2011,29,47,32,15,17,26,7,
3,9,2011,31,17,42,2,8,36,2,
7,9,2011,23,39,10,27,4,28,1,
10,9,2011,28,16,10,43,9,6,0,
14,9,2011,23,4,32,44,5,39,7,
17,9,2011,49,42,46,23,12,38,1,
21,9,2011,31,10,27,46,24,41,5,
24,9,2011,18,42,24,5,3,6,3,
28,9,2011,18,43,10,14,38,27,5,
1,10,2011,13,29,21,47,17,9,1,
5,10,2011,43,15,45,33,1,2,8,
8,10,2011,34,25,29,47,31,24,0,
12,10,2011,40,43,28,10,8,46,7,
15,10,2011,2,18,16,5,37,39,5,
19,10,2011,31,34,25,10,8,15,4,
22,10,2011,7,26,8,34,6,35,5,
26,10,2011,37,34,15,30,38,33,5,
29,10,2011,24,6,23,35,17,44,7,
2,11,2011,3,6,23,41,43,40,4,
5,11,2011,43,21,7,41,13,37,0,
9,11,2011,20,14,27,48,28,6,7,
12,11,2011,12,16,7,42,15,30,9,
16,11,2011,33,47,14,26,49,8,4,
19,11,2011,47,24,26,40,9,33,5,
23,11,2011,1,30,23,39,10,38,4,
26,11,2011,23,33,49,3,13,38,5,
30,11,2011,44,12,4,31,42,18,1,
3,12,2011,44,1,25,10,29,47,7,
7,12,2011,11,20,32,16,38,27,7,
10,12,2011,34,25,10,2,5,4,7,
14,12,2011,37,29,36,14,32,8,9,
17,12,2011,19,44,3,38,33,47,6,
21,12,2011,21,43,39,15,24,17,1,
24,12,2011,27,6,12,26,36,32,9,
28,12,2011,13,20,19,18,6,21,5,
31,12,2011,19,5,17,2,28,11,1,
4,1,2012,36,29,3,24,18,46,1,
7,1,2012,29,22,37,33,24,47,2,
11,1,2012,34,15,8,36,11,47,5,
14,1,2012,6,20,7,32,1,11,8,
18,1,2012,6,33,13,32,18,7,0,
21,1,2012,49,46,26,43,45,27,4,
25,1,2012,1,33,6,24,4,47,7,
28,1,2012,27,19,37,1,16,48,4,
1,2,2012,7,18,39,37,6,3,1,
4,2,2012,10,15,40,27,24,45,5,
8,2,2012,45,24,13,34,8,47,5,
11,2,2012,32,2,34,48,49,11,1,
15,2,2012,40,41,35,15,36,29,2,
18,2,2012,40,27,3,13,25,47,5,
22,2,2012,19,14,24,12,48,4,7,
25,2,2012,48,43,16,7,11,14,1,
29,2,2012,25,32,6,43,11,35,5,
3,3,2012,22,48,4,24,40,33,9,
7,3,2012,33,38,25,29,49,47,5,
10,3,2012,15,10,26,35,1,21,1,
14,3,2012,8,22,9,13,3,49,9,
17,3,2012,3,43,7,23,42,33,2,
21,3,2012,49,26,34,14,38,4,6,
24,3,2012,35,37,43,39,49,22,7,
28,3,2012,42,17,2,23,22,39,6,
31,3,2012,43,40,25,1,26,27,5,
4,4,2012,23,46,29,42,19,37,8,
7,4,2012,15,35,2,10,44,12,7,
11,4,2012,16,2,44,4,7,6,9,
14,4,2012,26,48,42,29,39,37,8,
18,4,2012,8,35,33,21,34,6,5,
21,4,2012,20,41,6,24,19,7,5,
25,4,2012,40,46,42,3,26,23,7,
28,4,2012,11,47,37,20,17,33,0,
2,5,2012,15,20,4,35,14,17,4,
5,5,2012,31,28,5,48,14,8,5,
9,5,2012,20,16,40,45,17,15,8,
12,5,2012,36,31,18,34,30,13,9,
16,5,2012,41,46,45,16,44,24,5,
19,5,2012,20,42,36,34,43,47,5,
23,5,2012,23,42,36,26,1,31,7,
26,5,2012,44,15,34,11,48,5,4,
30,5,2012,21,2,45,23,10,44,9,
2,6,2012,13,9,26,30,41,37,4,
6,6,2012,27,9,38,42,1,17,8,
9,6,2012,28,17,31,10,15,22,9,
13,6,2012,33,40,1,46,32,29,6,
16,6,2012,1,48,28,17,46,33,8,
20,6,2012,3,6,22,24,28,17,0,
23,6,2012,39,19,33,13,11,27,4,
27,6,2012,2,31,37,15,43,5,1,
30,6,2012,8,20,30,22,7,41,4,
4,7,2012,3,6,33,25,49,12,6,
7,7,2012,10,43,30,6,29,49,2,
11,7,2012,21,11,32,16,29,43,1,
14,7,2012,6,22,10,33,9,29,0,
18,7,2012,29,20,23,47,21,34,9,
21,7,2012,40,4,38,24,31,26,0,
25,7,2012,8,45,2,13,44,25,7,
28,7,2012,41,16,31,27,37,49,7,
1,8,2012,19,43,41,32,26,44,0,
4,8,2012,15,18,23,22,38,40,8,
8,8,2012,41,49,13,43,12,22,4,
11,8,2012,3,47,20,1,2,49,3,
15,8,2012,15,1,37,34,12,14,4,
18,8,2012,16,34,28,5,32,40,4,
22,8,2012,11,49,31,1,7,15,6,
25,8,2012,17,27,25,35,22,16,4,
29,8,2012,45,22,38,29,35,40,3,
1,9,2012,48,3,16,6,26,7,5,
5,9,2012,24,7,37,44,4,18,4,
8,9,2012,19,48,38,41,39,49,3,
12,9,2012,36,8,26,19,39,49,7,
15,9,2012,41,48,6,9,8,34,0,
19,9,2012,11,16,31,1,20,44,4,
22,9,2012,24,49,48,41,40,7,0,
26,9,2012,14,47,12,29,40,10,7,
29,9,2012,39,4,20,41,34,1,0,
3,10,2012,46,48,49,13,28,35,4,
6,10,2012,34,20,8,22,44,46,5,
10,10,2012,38,48,43,15,13,28,3,
13,10,2012,9,37,36,42,10,43,8,
17,10,2012,10,5,12,46,47,14,6,
20,10,2012,26,8,6,11,15,33,9,
24,10,2012,44,33,6,39,18,14,5,
27,10,2012,44,33,23,39,46,11,9,
31,10,2012,34,49,30,13,8,3,5,
3,11,2012,43,8,42,46,7,26,3,
7,11,2012,21,47,6,31,46,2,1,
10,11,2012,28,3,49,25,2,38,1,
14,11,2012,11,45,2,34,9,17,0,
17,11,2012,5,24,32,36,7,15,4,
21,11,2012,24,1,10,9,29,27,2,
24,11,2012,32,2,12,28,23,48,3,
28,11,2012,45,40,26,11,21,42,4,
1,12,2012,6,23,4,3,45,2,3,
5,12,2012,38,23,20,36,24,27,7,
8,12,2012,48,34,15,19,42,27,6,
12,12,2012,10,11,33,1,8,15,5,
15,12,2012,25,40,31,27,4,30,6,
19,12,2012,27,43,40,36,32,25,5,
22,12,2012,49,23,38,44,11,32,4,
26,12,2012,36,13,34,3,43,10,2,
29,12,2012,11,43,38,35,31,25,4,
2,1,2013,36,41,21,18,44,3,0,
5,1,2013,39,47,49,45,22,26,0,
9,1,2013,22,36,26,43,6,7,9,
12,1,2013,10,7,48,11,43,15,8,
16,1,2013,18,3,8,26,11,14,3,
19,1,2013,39,23,27,45,28,47,6,
23,1,2013,28,8,22,12,3,4,3,
26,1,2013,37,31,33,12,36,28,4,
30,1,2013,4,26,2,5,27,36,2,
2,2,2013,34,17,44,28,2,4,2,
6,2,2013,31,16,14,32,24,7,4,
9,2,2013,22,26,20,5,47,29,5,
13,2,2013,4,11,38,14,6,15,5,
16,2,2013,22,23,24,39,33,6,1,
20,2,2013,6,27,20,5,45,36,7,
23,2,2013,49,35,26,17,46,44,2,
27,2,2013,28,6,16,33,25,5,9,
2,3,2013,45,2,17,48,14,4,8,
6,3,2013,10,14,6,15,2,29,9,
9,3,2013,2,20,47,14,39,12,7,
13,3,2013,46,3,38,32,29,26,7,
16,3,2013,17,39,10,34,4,42,7,
20,3,2013,35,17,24,10,37,5,7,
23,3,2013,30,37,49,9,41,16,2,
27,3,2013,1,2,3,38,21,13,9,
30,3,2013,7,35,39,30,46,31,3,
3,4,2013,31,23,21,16,38,29,4,
6,4,2013,30,5,17,34,7,32,0,
10,4,2013,43,26,45,27,31,32,5,
13,4,2013,28,35,45,15,26,10,2,
17,4,2013,35,38,45,37,24,9,7,
20,4,2013,48,6,36,28,38,31,9,
24,4,2013,48,39,7,14,19,49,0,
27,4,2013,28,11,32,3,10,43,3,
1,5,2013,22,12,15,28,16,9,9,
4,5,2013,48,7,5,11,22,21,8,
8,5,2013,6,22,42,30,11,4,7,
11,5,2013,40,7,32,3,31,41,2,
15,5,2013,29,16,45,4,38,2,2,
18,5,2013,16,32,20,2,1,22,6,
22,5,2013,6,35,23,8,36,24,8,
25,5,2013,29,25,23,17,3,44,0,
29,5,2013,40,2,41,14,7,5,5,
1,6,2013,2,30,28,13,36,32,1,
5,6,2013,47,30,21,49,39,19,1,
8,6,2013,12,38,47,26,3,30,3,
12,6,2013,6,15,5,7,23,10,6,
15,6,2013,14,16,49,43,6,25,1,
19,6,2013,18,42,19,49,29,3,5,
22,6,2013,10,19,31,43,5,35,8,
26,6,2013,31,22,32,39,2,43,2,
29,6,2013,36,43,22,28,7,44,9,
3,7,2013,36,9,13,17,7,14,2,
6,7,2013,11,17,49,8,20,3,9,
10,7,2013,41,16,19,11,29,43,9,
13,7,2013,18,3,48,28,29,38,1,
17,7,2013,17,38,20,28,26,11,3,
20,7,2013,3,46,33,11,29,18,4,
24,7,2013,15,28,31,8,2,36,6,
27,7,2013,34,20,11,31,30,40,0,
31,7,2013,38,6,3,47,39,26,7,
3,8,2013,31,47,19,25,6,40,2,
7,8,2013,42,24,14,36,16,11,4,
10,8,2013,31,39,36,9,3,17,7,
14,8,2013,9,39,8,3,34,35,3,
17,8,2013,13,42,28,19,17,25,8,
21,8,2013,15,5,29,21,27,48,1,
24,8,2013,30,6,29,27,2,25,3,
28,8,2013,29,35,3,22,2,37,9,
31,8,2013,39,22,44,37,26,1,4,
4,9,2013,34,19,17,38,31,1,9,
7,9,2013,43,22,24,37,41,12,9,
11,9,2013,12,40,48,42,28,16,3,
14,9,2013,23,22,21,30,10,40,2,
18,9,2013,46,11,4,20,30,21,3,
21,9,2013,22,32,8,40,13,43,8,
25,9,2013,7,43,14,26,30,33,3,
28,9,2013,31,23,37,3,41,32,2,
2,10,2013,46,17,42,27,43,47,3,
5,10,2013,3,48,12,9,35,44,5,
9,10,2013,9,29,46,22,48,11,3,
12,10,2013,38,44,14,29,25,46,9,
16,10,2013,49,38,32,9,44,40,8,
19,10,2013,10,38,24,4,14,40,5,
23,10,2013,23,26,7,21,33,16,7,
26,10,2013,25,20,22,24,9,18,2,
30,10,2013,36,30,12,13,10,45,1,
2,11,2013,24,15,38,12,19,9,5,
6,11,2013,36,22,35,30,12,13,2,
9,11,2013,28,12,13,33,32,6,7,
13,11,2013,12,5,15,16,35,46,1,
16,11,2013,43,42,19,39,9,24,4,
20,11,2013,24,36,42,16,9,19,5,
23,11,2013,7,30,35,12,19,33,5,
27,11,2013,28,42,31,36,11,38,7,
30,11,2013,33,1,47,39,30,24,7,
4,12,2013,13,22,20,41,49,42,6,
7,12,2013,19,15,9,4,48,26,0,
11,12,2013,18,38,7,49,39,22,6,
14,12,2013,5,27,38,17,19,6,3,
18,12,2013,44,2,18,34,35,12,9,
21,12,2013,25,5,27,35,4,17,5,
25,12,2013,46,40,44,26,27,4,8,
28,12,2013,43,9,22,6,32,10,3,
1,1,2014,46,25,24,8,23,6,6,
4,1,2014,16,19,25,36,39,48,1,
8,1,2014,36,44,45,28,20,31,9,
11,1,2014,14,8,29,23,5,38,1,
15,1,2014,6,49,41,22,39,43,4,
18,1,2014,32,16,36,26,11,15,2,
22,1,2014,26,42,18,2,46,23,8,
25,1,2014,37,32,48,24,45,36,8,
29,1,2014,3,12,36,34,15,26,5,
1,2,2014,17,49,18,46,47,42,2,
5,2,2014,26,32,17,7,16,9,1,
8,2,2014,44,18,42,4,29,33,4,
12,2,2014,16,15,37,18,10,35,5,
15,2,2014,44,31,17,7,8,48,1,
19,2,2014,18,43,29,21,36,4,3,
22,2,2014,46,39,32,26,25,30,5,
26,2,2014,19,31,9,8,48,11,7,
1,3,2014,5,47,13,24,28,38,1,
5,3,2014,33,44,5,34,13,16,3,
8,3,2014,32,45,10,16,24,43,9,
12,3,2014,12,27,4,38,7,31,4,
15,3,2014,33,3,23,36,12,41,9,
19,3,2014,23,7,1,40,25,10,3,
22,3,2014,7,46,34,29,30,10,6,
26,3,2014,22,38,3,43,30,36,4,
29,3,2014,24,20,11,8,7,5,1,
2,4,2014,28,48,42,20,4,6,0,
5,4,2014,37,14,21,17,42,47,4,
9,4,2014,39,32,46,43,12,6,9,
12,4,2014,48,28,38,16,13,49,1,
16,4,2014,24,18,35,49,30,28,8,
19,4,2014,48,46,25,3,47,4,4,
23,4,2014,22,40,44,23,12,13,3,
26,4,2014,35,23,34,3,48,7,1,
30,4,2014,35,48,38,6,10,30,6,
3,5,2014,35,41,14,40,34,2,3,
7,5,2014,25,1,23,30,28,19,9,
10,5,2014,26,21,42,9,11,20,1,
14,5,2014,2,32,39,22,30,7,8,
17,5,2014,39,9,37,21,42,24,9,
21,5,2014,6,21,2,16,5,31,4,
24,5,2014,2,34,7,16,27,13,9,
28,5,2014,16,29,13,44,40,10,0,
31,5,2014,17,31,19,13,41,5,5,
4,6,2014,27,24,20,21,43,28,0,
7,6,2014,42,12,47,35,27,23,2,
11,6,2014,43,11,3,6,44,21,1,
14,6,2014,17,42,6,11,12,47,5,
18,6,2014,6,20,43,33,38,28,5,
21,6,2014,41,30,12,32,44,21,5,
25,6,2014,34,1,7,6,13,28,4,
28,6,2014,36,39,2,32,18,26,3,
2,7,2014,18,15,10,41,44,6,8,
5,7,2014,38,22,41,6,24,10,0,
9,7,2014,26,3,45,25,4,18,3,
12,7,2014,39,26,17,5,29,37,2,
16,7,2014,29,26,41,17,31,3,5,
19,7,2014,41,19,49,5,34,6,0,
23,7,2014,33,25,15,9,38,20,5,
26,7,2014,26,33,38,30,14,28,7,
30,7,2014,9,37,13,12,10,11,3,
2,8,2014,11,6,41,8,20,40,7,
6,8,2014,6,31,45,21,5,7,1,
9,8,2014,15,22,3,40,11,37,5,
13,8,2014,36,41,46,3,30,24,6,
16,8,2014,10,49,29,2,15,5,8,
20,8,2014,35,3,28,1,22,31,4,
23,8,2014,7,9,23,10,18,36,7,
27,8,2014,25,29,14,15,47,16,5,
30,8,2014,21,14,25,18,43,39,3,
3,9,2014,23,40,19,18,47,39,2,
6,9,2014,17,6,33,18,11,32,6,
10,9,2014,45,8,32,24,38,23,3,
13,9,2014,25,11,33,39,7,27,3,
17,9,2014,32,38,49,44,16,43,9,
20,9,2014,42,47,1,14,6,40,6,
24,9,2014,34,31,4,35,36,46,3,
27,9,2014,9,39,19,13,16,48,5,
1,10,2014,1,23,3,21,42,39,4,
4,10,2014,33,4,31,7,24,45,6,
8,10,2014,21,34,37,32,6,19,8,
11,10,2014,1,44,36,34,32,23,0,
15,10,2014,31,14,16,27,12,26,9,
18,10,2014,15,11,27,48,30,29,0,
22,10,2014,12,42,49,25,35,1,1,
25,10,2014,31,22,28,23,35,30,8,
29,10,2014,39,26,4,21,9,43,4,
1,11,2014,24,4,14,48,41,30,7,
5,11,2014,17,49,6,31,8,33,9,
8,11,2014,41,45,1,8,9,13,8,
12,11,2014,28,24,32,47,37,14,2,
15,11,2014,31,25,13,14,10,19,6,
19,11,2014,48,18,26,5,34,4,0,
22,11,2014,11,6,25,5,1,37,9,
26,11,2014,44,33,8,32,24,11,6,
29,11,2014,38,17,46,30,7,24,7,
3,12,2014,4,23,35,10,14,32,3,
6,12,2014,1,29,16,21,44,47,2,
10,12,2014,29,11,22,30,9,41,6,
13,12,2014,12,5,26,43,8,18,6,
17,12,2014,28,46,44,17,16,22,6,
20,12,2014,4,32,6,10,24,3,9,
24,12,2014,43,33,38,14,45,25,5,
27,12,2014,45,43,10,44,36,48,7,
31,12,2014,27,22,49,20,15,39,7,
3,1,2015,19,37,17,36,38,28,6,
7,1,2015,17,46,41,42,10,43,3,
10,1,2015,43,5,32,19,20,11,6,
14,1,2015,33,19,38,1,46,39,5,
17,1,2015,8,29,22,47,11,46,1,
21,1,2015,41,11,48,15,12,29,9,
24,1,2015,18,27,7,37,47,1,8,
28,1,2015,38,43,22,8,47,6,6,
31,1,2015,46,47,42,7,45,27,5,
4,2,2015,29,22,37,40,49,21,2,
7,2,2015,47,25,12,14,23,13,9,
11,2,2015,26,27,28,25,6,47,5,
14,2,2015,42,36,29,21,41,23,3,
18,2,2015,44,24,31,46,42,27,6,
21,2,2015,41,18,3,31,35,42,1,
25,2,2015,20,38,43,25,30,27,0,
28,2,2015,2,45,41,49,20,25,0,
4,3,2015,3,16,48,22,46,36,7,
7,3,2015,6,19,41,16,7,1,5,
11,3,2015,4,8,42,10,32,28,6,
14,3,2015,15,43,48,39,21,23,1,
18,3,2015,40,6,23,25,46,12,9,
21,3,2015,30,4,5,19,41,3,1,
25,3,2015,27,13,39,19,16,48,1,
28,3,2015,30,7,46,26,6,27,4,
1,4,2015,22,29,38,7,16,32,8,
4,4,2015,43,23,34,12,28,20,8,
8,4,2015,20,44,41,37,14,47,9,
11,4,2015,46,47,36,2,15,11,6,
15,4,2015,33,39,46,29,14,37,7,
18,4,2015,5,44,3,17,39,14,7,
22,4,2015,34,21,11,22,35,4,7,
25,4,2015,3,1,36,7,11,23,6,
29,4,2015,43,38,41,7,20,9,6,
2,5,2015,3,18,45,9,6,7,9,
6,5,2015,38,6,26,2,40,43,7,
9,5,2015,7,29,35,14,41,13,3,
13,5,2015,39,20,49,3,7,27,1,
16,5,2015,34,16,15,47,14,40,5,
20,5,2015,33,38,26,2,11,30,7,
23,5,2015,28,46,4,6,14,27,0,
27,5,2015,4,11,14,29,8,12,2,
30,5,2015,31,3,24,2,44,11,0,
3,6,2015,48,20,37,23,8,24,6,
6,6,2015,15,22,29,48,41,16,0,
10,6,2015,45,34,12,2,40,22,0,
13,6,2015,43,5,4,26,1,18,0,
17,6,2015,12,15,48,8,37,41,2,
20,6,2015,6,21,32,38,16,35,4,
24,6,2015,33,16,20,31,45,42,3,
27,6,2015,41,33,29,19,3,28,7,
1,7,2015,42,11,35,41,10,37,2,
4,7,2015,47,17,42,14,32,18,1,
8,7,2015,13,33,5,38,12,39,4,
11,7,2015,30,19,11,42,20,35,9,
15,7,2015,43,18,34,48,45,9,2,
18,7,2015,17,18,31,30,5,42,6,
22,7,2015,43,22,18,33,20,19,7,
25,7,2015,30,46,41,4,47,17,6,
29,7,2015,44,30,37,25,18,39,5,
1,8,2015,36,20,31,16,7,4,4,
5,8,2015,7,15,10,38,35,39,1,
8,8,2015,42,13,29,48,36,7,0,
12,8,2015,45,10,6,15,28,24,9,
15,8,2015,9,42,26,14,3,30,3,
19,8,2015,24,28,22,48,38,16,2,
22,8,2015,2,46,26,44,3,45,7,
26,8,2015,3,26,36,42,16,30,2,
29,8,2015,23,8,28,16,12,44,8,
2,9,2015,2,16,35,18,3,20,1,
5,9,2015,1,47,43,13,22,12,1,
9,9,2015,2,19,44,26,46,28,2,
12,9,2015,6,2,28,26,22,15,5,
16,9,2015,30,1,24,5,42,4,2,
19,9,2015,8,17,12,37,44,29,3,
23,9,2015,33,24,14,18,10,44,9,
26,9,2015,34,6,33,31,16,15,7,
30,9,2015,16,39,49,2,1,22,8,
3,10,2015,41,31,40,32,33,18,8,
7,10,2015,25,33,28,7,11,12,4,
10,10,2015,49,40,26,5,38,37,1,
14,10,2015,22,28,17,15,41,29,5,
17,10,2015,28,41,10,19,23,9,0,
21,10,2015,17,4,24,39,49,18,2,
24,10,2015,18,6,36,4,29,22,2,
28,10,2015,47,29,49,1,18,33,0,
31,10,2015,29,7,17,26,40,9,9,
4,11,2015,12,40,45,24,33,5,6,
7,11,2015,11,4,25,39,17,48,4,
11,11,2015,41,28,15,14,25,20,3,
14,11,2015,31,48,29,8,1,24,3,
18,11,2015,21,48,33,19,49,9,9,
21,11,2015,12,42,46,23,17,29,8,
25,11,2015,14,43,36,19,46,41,9,
28,11,2015,10,6,3,24,37,47,1,
2,12,2015,10,31,12,44,3,26,8,
5,12,2015,12,29,35,42,47,6,7,
9,12,2015,37,3,30,44,48,32,4,
12,12,2015,24,3,43,31,1,6,6,
16,12,2015,9,27,24,13,21,36,3,
19,12,2015,22,33,10,46,7,1,1,
23,12,2015,21,13,34,47,32,18,8,
26,12,2015,41,22,40,15,19,9,5,
30,12,2015,14,17,27,45,8,26,4,
2,1,2016,35,47,23,43,30,1,8,
6,1,2016,12,3,45,36,27,42,0,
9,1,2016,13,10,31,34,46,48,6,
13,1,2016,14,18,46,35,25,19,0,
16,1,2016,21,31,34,23,39,9,8,
20,1,2016,12,14,15,19,7,46,3,
23,1,2016,27,26,40,16,2,25,0,
27,1,2016,14,16,12,47,29,19,3,
30,1,2016,40,48,33,18,34,23,9,
3,2,2016,10,47,19,33,18,31,8,
6,2,2016,25,10,28,16,34,49,5,
10,2,2016,34,38,32,19,2,17,4,
13,2,2016,45,20,18,30,43,32,8,
17,2,2016,24,39,38,26,32,35,3,
20,2,2016,29,31,1,16,30,13,6,
24,2,2016,48,13,5,47,31,23,5,
27,2,2016,15,37,10,49,7,25,7,
2,3,2016,16,40,8,10,17,1,9,
5,3,2016,43,10,46,33,7,37,3,
9,3,2016,48,32,37,13,46,10,7,
12,3,2016,39,49,30,26,20,47,4,
16,3,2016,26,9,29,35,11,46,6,
19,3,2016,37,4,15,49,44,10,5,
23,3,2016,44,16,31,22,10,9,0,
26,3,2016,31,1,41,40,3,33,5,
30,3,2016,13,5,1,41,9,26,1,
2,4,2016,38,1,23,28,17,10,6,
6,4,2016,6,30,33,42,25,19,4,
9,4,2016,1,4,47,39,38,46,2,
13,4,2016,13,17,49,36,2,35,7,
16,4,2016,38,20,15,22,5,14,9,
20,4,2016,1,49,20,13,5,11,8,
23,4,2016,15,8,27,17,35,16,4,
27,4,2016,6,1,21,37,26,9,6,
30,4,2016,43,36,30,28,14,26,6,
4,5,2016,11,35,2,39,49,14,5,
7,5,2016,16,34,42,44,32,37,9,
11,5,2016,20,41,39,10,31,19,5,
14,5,2016,15,5,13,30,44,26,9,
18,5,2016,41,31,10,19,13,26,4,
21,5,2016,48,5,46,47,2,29,4,
25,5,2016,30,10,36,21,6,9,6,
28,5,2016,9,17,5,45,39,24,3,
1,6,2016,25,35,30,40,46,19,2,
4,6,2016,6,22,35,42,31,5,3,
8,6,2016,48,44,30,2,5,33,6,
11,6,2016,45,6,13,27,21,38,5,
15,6,2016,7,12,33,48,49,13,7,
18,6,2016,8,27,2,17,12,19,1,
22,6,2016,35,43,19,8,41,40,8,
25,6,2016,10,34,11,6,44,2,3,
29,6,2016,44,49,4,5,32,28,4,
2,7,2016,30,15,26,6,8,4,9,
6,7,2016,16,38,42,4,37,18,0,
9,7,2016,44,34,1,49,37,40,7,
13,7,2016,33,27,14,20,41,10,7,
16,7,2016,18,22,34,44,30,1,5,
20,7,2016,18,28,40,1,20,49,5,
23,7,2016,47,25,29,48,5,43,5,
27,7,2016,39,5,18,6,17,7,1,
30,7,2016,33,6,30,23,13,26,2,
3,8,2016,34,26,42,43,21,15,6,
6,8,2016,33,26,45,6,47,25,0,
10,8,2016,11,23,12,49,17,43,9,
13,8,2016,6,30,28,39,14,37,2,
17,8,2016,41,2,30,34,10,49,1,
20,8,2016,23,30,31,45,28,37,5,
24,8,2016,42,48,16,14,6,35,2,
27,8,2016,8,33,32,43,22,1,9,
31,8,2016,7,31,41,37,40,3,3,
3,9,2016,30,8,25,14,36,18,1,
7,9,2016,21,27,7,11,19,18,0,
10,9,2016,6,1,24,43,11,3,0,
14,9,2016,31,35,20,3,2,15,8,
17,9,2016,3,46,35,47,37,34,2,
21,9,2016,29,24,11,18,1,8,5,
24,9,2016,45,21,32,15,18,4,4,
28,9,2016,41,44,11,15,38,46,2,
1,10,2016,20,34,25,37,7,26,1,
5,10,2016,17,6,1,28,41,5,1,
8,10,2016,35,48,14,33,32,21,5,
12,10,2016,29,35,47,39,37,22,2,
15,10,2016,29,41,13,7,38,19,9,
19,10,2016,33,42,16,40,43,32,5,
22,10,2016,48,2,32,21,36,26,7,
26,10,2016,43,11,18,44,45,15,6,
29,10,2016,28,36,8,5,7,26,8,
2,11,2016,19,30,1,26,48,12,6,
5,11,2016,38,42,9,43,32,35,8,
9,11,2016,39,20,33,6,41,13,5,
12,11,2016,20,47,6,2,19,9,1,
16,11,2016,38,39,19,20,13,44,8,
19,11,2016,2,39,38,15,6,1,3,
23,11,2016,38,31,44,28,27,4,7,
26,11,2016,47,41,26,42,32,45,9,
30,11,2016,21,12,19,10,1,47,6,
3,12,2016,16,47,48,39,43,5,9,
7,12,2016,42,40,48,13,18,36,8,
10,12,2016,34,11,17,49,32,37,3,
14,12,2016,38,34,42,33,43,44,4,
17,12,2016,29,6,35,24,28,34,2,
21,12,2016,42,3,23,38,21,39,7,
24,12,2016,30,18,22,11,45,4,1,
28,12,2016,3,22,30,29,4,1,3,
31,12,2016,42,37,27,29,45,47,3,
4,1,2017,48,5,39,37,21,13,2,
7,1,2017,22,12,14,45,17,46,7,
11,1,2017,29,32,27,38,34,20,1,
14,1,2017,23,37,27,4,3,28,3,
18,1,2017,39,40,10,28,11,13,1,
21,1,2017,26,14,11,9,5,39,9,
25,1,2017,25,49,17,14,1,2,5,
28,1,2017,41,15,6,9,42,38,7,
1,2,2017,25,19,21,13,3,42,9,
4,2,2017,2,28,39,37,16,49,8,
8,2,2017,14,28,46,41,30,22,6,
11,2,2017,12,45,46,32,3,22,6,
15,2,2017,39,7,33,13,18,36,4,
18,2,2017,25,20,41,27,17,24,9,
22,2,2017,46,25,42,1,5,7,3,
25,2,2017,4,28,1,9,3,32,4,
1,3,2017,30,31,12,22,38,29,4,
4,3,2017,45,1,41,23,19,22,2,
8,3,2017,7,35,3,26,16,28,6,
11,3,2017,26,46,12,49,17,4,8,
15,3,2017,15,26,40,7,16,25,1,
18,3,2017,31,23,40,4,12,27,0,
22,3,2017,15,18,4,38,22,21,6,
25,3,2017,9,11,26,25,49,1,6,
29,3,2017,25,21,24,47,28,9,2,
1,4,2017,22,8,36,5,18,9,8,
5,4,2017,41,22,6,49,1,7,2,
8,4,2017,28,7,40,39,2,47,1,
12,4,2017,24,48,14,10,11,26,5,
15,4,2017,12,36,18,21,30,27,7,
19,4,2017,27,23,48,30,41,19,0,
22,4,2017,11,25,19,1,32,12,7,
26,4,2017,34,25,37,42,39,31,3,
29,4,2017,36,4,37,49,18,3,5,
3,5,2017,5,33,18,4,12,20,8,
6,5,2017,30,32,31,47,16,26,4,
10,5,2017,39,26,38,9,18,42,8,
13,5,2017,19,7,32,45,47,48,1,
17,5,2017,36,43,23,2,26,1,3,
20,5,2017,15,29,37,1,44,34,7,
24,5,2017,6,25,44,26,13,19,3,
27,5,2017,23,24,27,49,25,29,1,
31,5,2017,48,9,24,36,17,27,7,
3,6,2017,37,24,35,32,31,46,3,
7,6,2017,18,37,17,28,6,33,4,
10,6,2017,29,42,6,4,26,16,7,
14,6,2017,44,33,36,32,29,30,1,
17,6,2017,16,49,2,6,22,44,1,
21,6,2017,41,6,44,39,7,4,4,
24,6,2017,38,27,46,43,23,13,6,
28,6,2017,38,41,29,42,17,13,4,
1,7,2017,2,15,35,47,22,3,8,
5,7,2017,47,39,40,7,34,33,0,
8,7,2017,2,40,23,27,3,17,2,
12,7,2017,44,30,22,36,49,18,7,
15,7,2017,33,38,8,32,31,25,1,
19,7,2017,21,36,17,27,41,19,1,
22,7,2017,37,5,47,27,45,41,7,
26,7,2017,18,12,27,33,26,15,0,
29,7,2017,35,37,30,20,14,29,3,
2,8,2017,23,22,21,36,49,34,5,
5,8,2017,49,18,37,14,19,23,5,
9,8,2017,1,18,39,10,41,49,7,
12,8,2017,15,27,47,49,25,5,6,
16,8,2017,29,9,36,6,38,49,3,
19,8,2017,35,2,45,29,10,48,2,
23,8,2017,28,16,32,49,23,25,6,
26,8,2017,19,2,28,11,24,49,9,
30,8,2017,29,5,9,34,21,7,3,
2,9,2017,14,5,8,3,34,33,6,
6,9,2017,33,12,48,19,16,28,3,
9,9,2017,40,14,49,8,18,27,3,
13,9,2017,17,40,18,11,30,16,6,
16,9,2017,47,27,31,35,21,26,9,
20,9,2017,36,28,3,46,9,30,3,
23,9,2017,10,15,44,19,23,38,6,
27,9,2017,33,31,25,20,37,17,6,
30,9,2017,46,23,18,19,4,33,1,
4,10,2017,45,17,19,11,15,16,4,
7,10,2017,24,21,11,20,49,30,6,
11,10,2017,42,6,3,17,21,20,7,
14,10,2017,13,10,35,7,40,9,7,
18,10,2017,38,10,11,13,7,4,4,
21,10,2017,15,4,25,34,10,46,1,
25,10,2017,1,18,42,29,32,36,8,
28,10,2017,22,1,36,24,33,20,1,
1,11,2017,18,15,8,31,3,21,9,
4,11,2017,21,47,46,14,3,7,6,
8,11,2017,7,37,43,14,38,24,7,
11,11,2017,7,1,19,16,11,37,7,
15,11,2017,6,23,46,40,35,45,5,
18,11,2017,9,5,2,35,20,12,7,
22,11,2017,28,29,32,24,48,34,9,
25,11,2017,20,37,17,11,26,43,9,
29,11,2017,32,9,30,16,25,28,8,
2,12,2017,17,33,18,12,13,3,2,
6,12,2017,29,18,11,43,35,19,9,
9,12,2017,25,12,46,16,20,7,7,
13,12,2017,3,17,2,9,27,14,0,
16,12,2017,40,30,5,23,6,18,9,
20,12,2017,35,8,13,39,44,38,4,
23,12,2017,39,38,11,32,4,31,6,
27,12,2017,46,45,37,19,17,31,0,
30,12,2017,37,48,27,11,12,14,0,
3,1,2018,45,10,34,31,15,35,8,
6,1,2018,37,47,46,32,5,14,0,
10,1,2018,24,25,3,45,22,43,6,
13,1,2018,14,31,48,6,5,16,0,
17,1,2018,32,48,13,3,27,25,2,
20,1,2018,3,45,11,33,18,15,4,
24,1,2018,37,5,45,31,18,3,7,
27,1,2018,34,24,22,43,4,36,6,
31,1,2018,6,26,3,38,8,29,8,
3,2,2018,5,39,48,13,20,9,5,
7,2,2018,15,41,28,20,25,33,5,
10,2,2018,27,41,45,20,17,35,8,
14,2,2018,22,16,20,23,24,6,6,
17,2,2018,27,15,42,37,18,26,2,
21,2,2018,29,47,6,8,40,3,7,
24,2,2018,27,33,41,18,44,47,6,
28,2,2018,6,15,32,43,47,36,6,
3,3,2018,5,37,28,44,24,40,8,
7,3,2018,5,30,28,35,24,42,1,
10,3,2018,40,34,8,49,35,19,8,
14,3,2018,18,48,13,38,30,45,7,
17,3,2018,7,29,1,22,17,46,7,
21,3,2018,38,48,26,29,20,43,0,
24,3,2018,16,27,34,3,42,45,1,
28,3,2018,1,47,31,38,23,25,7,
31,3,2018,15,8,1,46,12,48,5,
4,4,2018,33,46,13,30,28,23,7,
7,4,2018,12,27,47,19,34,15,8,
11,4,2018,44,20,25,27,48,9,5,
14,4,2018,42,4,34,33,47,9,6,
18,4,2018,35,37,7,10,2,4,8,
21,4,2018,38,29,12,19,23,15,5,
25,4,2018,17,6,11,10,25,4,6,
28,4,2018,11,48,2,33,47,9,4,
2,5,2018,42,3,5,44,19,12,7,
5,5,2018,5,34,49,1,17,31,7,
9,5,2018,31,37,43,25,3,9,5,
12,5,2018,27,23,38,36,42,29,0,
16,5,2018,13,19,12,2,46,34,9,
19,5,2018,41,27,44,3,49,4,2,
23,5,2018,29,45,16,7,47,36,6,
26,5,2018,48,27,24,16,47,10,6,
30,5,2018,29,15,35,23,38,48,2,
2,6,2018,24,30,1,19,31,10,7,
6,6,2018,18,13,3,15,8,42,6,
9,6,2018,39,13,34,16,42,35,9,
13,6,2018,4,48,3,6,10,46,3,
16,6,2018,46,40,19,4,31,33,2,
20,6,2018,22,31,33,36,6,43,5,
23,6,2018,25,49,29,48,17,6,1,
27,6,2018,37,46,13,35,45,17,3,
30,6,2018,24,42,40,38,16,37,9,
4,7,2018,25,1,37,5,32,10,8,
7,7,2018,36,25,13,5,18,2,2,
11,7,2018,44,18,3,1,42,28,5,
14,7,2018,49,48,41,40,47,30,0,
18,7,2018,33,5,14,19,41,22,1,
21,7,2018,7,29,6,49,1,20,5,
25,7,2018,8,41,9,39,43,40,9,
28,7,2018,35,11,7,31,34,36,1,
1,8,2018,46,25,22,45,2,32,2,
4,8,2018,36,25,29,30,6,31,3,
8,8,2018,11,49,8,40,26,18,0,
11,8,2018,5,8,47,46,10,36,8,
15,8,2018,13,6,31,24,18,29,9,
18,8,2018,1,14,46,42,34,3,3,
22,8,2018,7,15,16,26,6,32,0,
25,8,2018,37,31,8,16,15,20,2,
29,8,2018,21,24,3,17,22,39,9,
1,9,2018,39,46,4,12,38,21,1,
5,9,2018,37,15,9,46,13,3,4,
8,9,2018,44,23,29,27,30,6,2,
12,9,2018,13,28,7,24,31,32,6,
15,9,2018,27,39,26,1,12,14,1,
19,9,2018,5,8,3,47,30,19,0,
22,9,2018,17,37,41,33,42,47,0,
26,9,2018,18,36,44,10,38,25,3,
29,9,2018,9,5,19,4,16,45,7,
3,10,2018,33,39,9,30,29,3,9,
6,10,2018,21,27,45,2,33,26,3,
10,10,2018,37,14,32,18,1,45,0,
13,10,2018,3,36,7,9,27,11,7,
17,10,2018,7,35,20,36,9,24,2,
20,10,2018,47,2,16,32,45,13,7,
24,10,2018,41,24,37,32,5,13,7,
27,10,2018,30,35,47,40,8,38,2,
31,10,2018,4,40,13,22,16,6,5,
3,11,2018,49,18,20,6,28,42,1,
7,11,2018,42,41,15,37,4,31,4,
10,11,2018,3,13,14,40,29,41,7,
14,11,2018,22,9,31,4,27,41,9,
17,11,2018,3,40,31,18,6,39,5,
21,11,2018,30,24,29,47,18,42,7,
24,11,2018,20,37,15,45,14,40,1,
28,11,2018,31,49,48,28,26,23,0,
1,12,2018,23,46,31,6,8,27,2,
5,12,2018,48,29,49,36,47,13,5,
8,12,2018,12,44,26,25,6,46,3,
12,12,2018,3,20,7,34,48,33,6,
15,12,2018,30,45,31,23,1,37,9,
19,12,2018,41,34,19,4,32,12,4,
22,12,2018,20,43,25,21,8,44,5,
26,12,2018,2,43,30,22,36,16,4,
29,12,2018,47,4,14,25,38,44,4,
2,1,2019,15,17,36,5,13,19,4,
5,1,2019,40,16,22,4,45,31,8,
9,1,2019,44,8,7,29,14,22,7,
12,1,2019,9,31,4,25,38,40,6,
16,1,2019,35,5,31,12,6,13,4,
19,1,2019,47,6,36,24,29,12,9,
23,1,2019,42,33,35,37,7,6,3,
26,1,2019,47,35,31,18,29,16,6,
30,1,2019,7,23,13,36,22,19,6,
2,2,2019,37,30,29,21,34,3,3,
6,2,2019,10,22,21,5,33,36,5,
9,2,2019,32,34,49,2,42,39,2,
13,2,2019,31,23,42,43,5,11,9,
16,2,2019,11,9,10,18,22,6,7,
20,2,2019,21,11,5,12,48,19,2,
23,2,2019,27,47,29,15,8,21,1,
27,2,2019,49,24,13,11,20,19,2,
2,3,2019,49,41,48,38,46,42,6,
6,3,2019,43,1,46,9,35,37,5,
9,3,2019,38,8,20,12,32,22,6,
13,3,2019,15,19,33,36,34,20,5,
16,3,2019,20,22,10,14,46,39,1,
20,3,2019,19,4,44,47,40,9,3,
23,3,2019,3,23,42,44,26,29,8,
27,3,2019,10,15,40,31,36,48,1,
30,3,2019,49,3,26,46,28,29,4,
3,4,2019,13,2,7,22,9,5,6,
6,4,2019,23,12,21,41,32,42,3,
10,4,2019,21,22,37,4,39,1,4,
13,4,2019,27,4,19,29,41,36,1,
17,4,2019,11,38,42,18,27,45,6,
20,4,2019,19,29,25,41,8,6,8,
24,4,2019,44,1,9,47,11,49,1,
27,4,2019,47,19,13,2,14,48,5,
1,5,2019,27,38,16,4,47,31,6,
4,5,2019,29,1,19,24,35,42,8,
8,5,2019,38,41,5,16,15,10,7,
11,5,2019,10,15,47,25,42,31,0,
15,5,2019,21,18,13,45,36,35,9,
18,5,2019,43,26,39,11,32,47,4,
22,5,2019,49,6,16,46,41,40,6,
25,5,2019,1,6,12,15,21,36,9,
29,5,2019,8,44,2,29,32,40,2,
1,6,2019,25,22,30,29,15,3,7,
5,6,2019,2,42,11,3,6,49,7,
8,6,2019,17,45,1,13,21,44,4,
12,6,2019,42,21,47,2,24,41,1,
15,6,2019,4,43,27,40,6,33,3,
19,6,2019,11,4,38,20,41,23,3,
22,6,2019,21,10,12,30,49,11,3,
26,6,2019,34,13,42,48,21,19,8,
29,6,2019,31,34,45,8,1,43,1,
3,7,2019,42,45,37,39,48,2,7,
6,7,2019,46,27,45,40,22,19,9,
10,7,2019,30,37,25,14,39,3,9,
13,7,2019,29,10,30,3,26,42,3,
17,7,2019,29,8,40,19,47,48,5,
20,7,2019,35,5,24,9,36,29,2,
24,7,2019,1,27,40,45,23,39,9,
27,7,2019,16,17,5,23,21,35,6,
31,7,2019,22,1,35,17,13,23,7,
3,8,2019,42,44,34,40,2,3,7,
7,8,2019,46,30,27,47,21,15,2,
10,8,2019,8,18,10,16,1,35,2,
14,8,2019,39,15,3,18,30,41,1,
17,8,2019,33,45,9,28,2,6,0,
21,8,2019,46,44,45,30,39,12,9,
24,8,2019,44,42,5,38,29,9,1,
28,8,2019,17,31,10,34,22,14,3,
31,8,2019,36,3,17,25,5,2,4,
4,9,2019,27,34,29,28,42,36,4,
7,9,2019,28,36,29,9,11,35,3,
11,9,2019,42,28,17,3,8,38,1,
14,9,2019,26,43,16,31,34,24,7,
18,9,2019,44,24,18,34,46,48,8,
21,9,2019,23,47,37,16,12,14,6,
25,9,2019,15,5,37,33,7,23,8,
28,9,2019,43,30,44,24,13,27,7,
2,10,2019,3,48,29,26,33,31,0,
5,10,2019,17,8,47,49,27,36,5,
9,10,2019,45,12,32,22,40,2,8,
12,10,2019,45,4,23,36,44,42,7,
16,10,2019,17,5,31,38,9,12,8,
19,10,2019,39,7,38,4,33,11,9,
23,10,2019,7,16,19,31,26,1,5,
26,10,2019,1,17,44,2,37,11,6,
30,10,2019,11,28,48,23,44,22,9,
2,11,2019,21,6,41,15,25,17,3,
6,11,2019,11,39,46,45,32,7,4,
9,11,2019,9,33,40,44,28,31,7,
13,11,2019,17,44,38,20,18,29,0,
16,11,2019,47,25,4,1,28,16,1,
20,11,2019,10,18,2,42,31,7,0,
23,11,2019,36,24,5,28,11,26,5,
27,11,2019,41,40,1,20,12,33,9,
30,11,2019,5,33,47,38,43,42,5,
4,12,2019,48,46,12,35,45,13,2,
7,12,2019,13,11,20,19,2,43,4,
11,12,2019,25,27,36,45,14,32,5,
14,12,2019,4,20,31,16,38,34,8,
18,12,2019,25,42,6,48,20,19,4,
21,12,2019,27,4,13,14,35,20,5,
25,12,2019,47,41,33,36,22,17,2,
28,12,2019,12,19,7,18,24,23,2,
1,1,2020,42,17,44,13,7,37,8,
4,1,2020,30,7,27,1,18,13,1,
8,1,2020,35,11,25,3,2,27,2,
11,1,2020,37,48,19,28,42,10,9,
15,1,2020,2,24,8,46,31,43,4,
18,1,2020,12,41,22,43,14,32,3,
22,1,2020,16,41,33,23,3,47,4,
25,1,2020,30,12,9,28,34,43,3,
29,1,2020,22,24,48,17,49,39,0,
1,2,2020,47,8,42,32,12,7,6,
5,2,2020,49,39,13,37,16,31,7,
8,2,2020,30,36,42,38,10,1,3,
12,2,2020,49,24,31,41,2,10,3,
15,2,2020,2,20,40,22,5,11,5,
19,2,2020,22,27,3,11,7,42,7,
22,2,2020,11,6,31,24,21,32,0,
26,2,2020,47,5,33,2,18,45,7,
29,2,2020,29,42,10,3,9,8,0,
4,3,2020,22,46,14,19,29,47,5,
7,3,2020,9,26,36,11,44,16,0,
11,3,2020,24,23,49,41,47,7,5,
14,3,2020,38,49,11,30,2,19,2,
18,3,2020,19,31,28,13,34,22,5,
21,3,2020,22,4,36,34,26,1,4,
25,3,2020,11,6,18,35,21,49,9,
28,3,2020,46,36,4,39,28,2,7,
1,4,2020,15,46,48,39,22,4,6,
4,4,2020,12,24,43,41,17,9,1,
8,4,2020,31,25,22,18,44,5,4,
11,4,2020,26,29,47,13,18,42,4,
15,4,2020,22,24,27,30,11,46,0,
18,4,2020,15,28,42,11,39,35,3,
22,4,2020,13,29,34,9,49,39,7,
25,4,2020,4,17,19,30,25,11,4,
29,4,2020,1,5,41,32,7,36,9,
2,5,2020,10,11,27,4,49,16,2,
6,5,2020,31,19,47,43,5,34,5,
9,5,2020,36,2,23,9,17,22,7,
13,5,2020,17,21,46,43,20,12,4,
16,5,2020,47,8,3,6,11,48,4,
20,5,2020,42,31,33,45,49,9,1,
23,5,2020,17,35,1,27,11,4,8,
27,5,2020,25,43,47,39,4,36,3,
30,5,2020,42,18,35,5,33,43,0,
3,6,2020,20,25,33,38,31,43,0,
6,6,2020,16,21,25,49,40,18,1,
10,6,2020,36,42,11,2,20,17,1,
13,6,2020,41,14,36,38,43,20,5,
17,6,2020,6,29,13,48,38,35,3,
20,6,2020,14,11,7,2,40,1,3,
24,6,2020,38,5,18,34,11,41,3,
27,6,2020,42,49,24,27,14,21,4,
1,7,2020,38,32,36,2,44,39,1,
4,7,2020,19,49,17,36,33,6,0,
8,7,2020,15,41,9,44,28,23,7,
11,7,2020,29,32,46,16,38,8,7,
15,7,2020,20,13,25,14,35,47,6,
18,7,2020,8,11,25,34,28,49,7,
22,7,2020,44,25,17,6,11,24,1,
25,7,2020,4,37,10,2,27,18,0,
29,7,2020,35,20,15,34,3,43,7,
1,8,2020,39,1,33,20,24,38,0,
5,8,2020,10,42,33,6,8,24,4,
8,8,2020,28,48,8,18,14,25,7,
12,8,2020,21,35,20,34,4,45,4,
15,8,2020,24,40,44,31,46,16,0,
19,8,2020,27,48,38,18,5,22,1,
22,8,2020,29,2,10,37,1,8,5,
26,8,2020,40,18,39,26,15,3,3,
29,8,2020,19,1,36,12,48,20,5,
2,9,2020,39,49,6,10,23,45,3,
5,9,2020,7,1,19,3,13,44,5,
9,9,2020,35,49,24,46,22,9,0,
12,9,2020,45,11,16,41,40,28,7,
16,9,2020,41,43,8,48,31,44,8,
19,9,2020,35,38,29,23,8,1,2,
23,9,2020,26,6,32,25,19,33,0,
26,9,2020,8,22,6,47,27,12,7,
30,9,2020,20,5,7,43,33,21,4,
3,10,2020,48,13,20,25,33,10,8,
7,10,2020,15,38,5,37,44,8,0,
10,10,2020,28,16,8,33,22,4,6,
14,10,2020,20,27,14,25,26,6,2,
17,10,2020,9,2,41,16,5,48,8,
21,10,2020,40,16,20,34,23,47,6,
24,10,2020,22,1,20,24,40,6,6,
28,10,2020,7,43,12,23,36,2,4,
31,10,2020,28,11,8,21,1,26,8,
4,11,2020,32,45,2,7,43,17,9,
7,11,2020,32,40,45,33,36,24,4,
11,11,2020,19,33,10,38,37,11,9,
14,11,2020,37,18,16,20,10,1,4,
18,11,2020,49,35,41,29,8,19,7,
21,11,2020,13,25,39,1,14,21,0,
25,11,2020,18,10,30,11,17,16,4,
28,11,2020,27,28,13,2,47,35,8,
2,12,2020,1,41,2,43,32,44,1,
5,12,2020,33,25,15,41,12,48,5,
9,12,2020,5,13,3,15,40,11,2,
12,12,2020,45,39,3,2,21,1,7,
16,12,2020,1,19,17,2,22,48,6,
19,12,2020,31,48,3,6,47,22,0,
23,12,2020,39,12,37,13,38,11,7,
26,12,2020,32,12,7,13,2,5,3,
30,12,2020,11,8,44,5,40,45,9,
2,1,2021,30,7,34,28,16,8,6,
6,1,2021,38,21,14,32,37,44,6,
9,1,2021,30,41,19,16,20,7,5,
13,1,2021,43,23,38,40,26,7,6,
16,1,2021,15,45,1,5,35,37,3,
20,1,2021,42,11,35,6,31,5,0,
23,1,2021,18,49,32,13,16,12,7,
27,1,2021,44,45,4,16,1,15,3,
30,1,2021,30,40,33,43,6,36,1,
3,2,2021,34,3,12,10,6,47,9,
6,2,2021,48,8,12,38,41,23,9,
10,2,2021,21,32,27,46,19,5,6,
13,2,2021,7,15,29,47,20,14,9,
17,2,2021,4,29,48,40,25,10,9,
20,2,2021,30,26,6,42,3,15,4,
24,2,2021,36,5,46,13,1,44,3,
27,2,2021,4,2,47,23,9,19,7,
3,3,2021,24,23,9,27,10,1,4,
6,3,2021,33,35,3,29,1,7,7,
10,3,2021,11,8,7,46,30,21,6,
13,3,2021,44,24,4,47,19,48,8,
17,3,2021,3,1,31,18,41,30,3,
20,3,2021,12,15,35,16,2,17,7,
24,3,2021,24,23,4,14,11,48,4,
27,3,2021,13,12,31,46,4,19,6,
31,3,2021,31,12,1,16,48,24,4,
3,4,2021,5,29,36,40,23,34,6,
7,4,2021,37,18,19,9,10,36,0,
10,4,2021,27,4,45,6,9,15,7,
14,4,2021,2,18,4,46,20,19,5,
17,4,2021,48,26,22,25,36,18,0,
21,4,2021,1,47,18,27,37,24,0,
24,4,2021,48,1,24,25,4,34,1,
28,4,2021,12,46,13,31,21,23,0,
1,5,2021,43,42,15,37,21,1,1,
5,5,2021,5,21,10,15,6,4,8,
8,5,2021,42,22,10,47,23,13,2,
12,5,2021,34,42,2,1,18,44,6,
15,5,2021,15,5,2,25,26,41,1,
19,5,2021,7,14,38,45,5,25,4,
22,5,2021,38,40,8,17,3,43,2,
26,5,2021,34,44,46,2,35,23,7,
29,5,2021,44,16,9,45,10,46,8,
2,6,2021,14,15,35,10,45,39,0,
5,6,2021,5,35,31,47,14,44,1,
9,6,2021,7,41,22,17,49,1,3,
12,6,2021,23,49,5,1,29,11,0,
16,6,2021,37,44,22,1,25,28,7,
19,6,2021,29,11,36,19,21,35,2,
23,6,2021,5,9,46,20,33,6,5,
26,6,2021,29,19,17,45,24,13,0,
30,6,2021,47,32,15,4,10,27,8,
3,7,2021,49,18,10,9,20,5,2,
7,7,2021,8,43,31,29,23,2,9,
10,7,2021,40,25,47,2,8,32,6,
14,7,2021,15,49,26,33,1,12,6,
17,7,2021,38,17,25,49,33,30,9,
21,7,2021,7,39,8,18,48,38,2,
24,7,2021,3,14,22,23,45,8,3,
28,7,2021,19,31,11,8,10,47,3,
31,7,2021,4,8,26,24,1,39,5,
4,8,2021,3,1,6,30,5,41,2,
7,8,2021,18,19,30,9,14,40,3,
11,8,2021,46,49,34,6,12,22,1,
14,8,2021,29,19,2,17,48,39,1,
18,8,2021,25,7,48,43,22,27,6,
21,8,2021,16,23,19,15,12,7,0,
25,8,2021,24,12,11,9,6,33,7,
28,8,2021,11,46,24,25,18,41,7,
1,9,2021,39,5,49,16,48,3,0,
4,9,2021,20,5,44,2,15,39,7,
8,9,2021,23,30,13,44,41,21,3,
11,9,2021,25,43,33,34,23,6,7,
15,9,2021,27,21,41,8,37,40,5,
18,9,2021,21,36,9,49,6,34,2,
22,9,2021,21,31,13,5,3,22,7,
25,9,2021,20,41,47,30,27,19,7,
29,9,2021,14,16,43,11,36,31,4,
2,10,2021,15,46,10,43,4,7,4,
6,10,2021,10,29,27,8,40,3,2,
9,10,2021,8,11,47,17,49,1,3,
13,10,2021,35,4,7,31,10,18,5,
16,10,2021,34,27,7,21,29,20,6,
20,10,2021,37,16,15,43,24,7,5,
23,10,2021,22,26,1,19,10,28,2,
27,10,2021,20,25,16,45,21,1,6,
30,10,2021,15,45,6,31,11,42,4,
3,11,2021,13,44,14,49,10,28,0,
6,11,2021,31,41,44,6,27,9,9,
10,11,2021,15,16,32,8,6,22,7,
13,11,2021,10,4,25,6,3,42,0,
17,11,2021,28,25,21,47,15,5,9,
20,11,2021,31,24,26,40,8,47,7,
24,11,2021,2,9,25,24,19,5,7,
27,11,2021,36,15,29,14,37,7,3,
1,12,2021,49,8,5,34,12,13,7,
4,12,2021,46,1,31,40,44,9,7,
8,12,2021,16,15,18,44,26,39,5,
11,12,2021,49,46,40,23,9,1,0,
15,12,2021,26,10,17,4,28,5,2,
18,12,2021,46,10,16,28,43,25,8,
22,12,2021,33,13,48,37,40,46,6,
25,12,2021,14,42,46,15,27,41,7,
29,12,2021,31,20,14,46,6,10,0,
1,1,2022,10,13,16,14,24,15,2,
5,1,2022,32,7,6,4,41,2,0,
8,1,2022,32,38,17,2,30,19,9,
12,1,2022,32,38,10,48,16,33,4,
15,1,2022,34,43,48,49,5,42,9,
19,1,2022,43,45,19,48,49,17,4,
22,1,2022,7,46,5,49,13,9,5,
26,1,2022,23,19,41,8,3,15,6,
29,1,2022,15,24,3,26,17,2,7,
2,2,2022,20,33,44,28,40,27,1,
5,2,2022,39,19,45,4,17,26,3,
9,2,2022,16,33,26,32,45,25,3,
12,2,2022,39,2,13,17,31,48,6,
16,2,2022,43,30,29,16,7,33,4,
19,2,2022,24,10,45,27,3,2,3,
23,2,2022,15,11,47,24,7,5,2,
26,2,2022,43,49,45,33,16,6,7,
2,3,2022,39,44,49,15,5,3,7,
5,3,2022,28,26,10,25,22,41,0,
9,3,2022,36,18,19,38,28,8,4,
12,3,2022,32,9,35,36,1,20,1,
16,3,2022,19,6,1,16,8,40,0,
19,3,2022,17,5,1,28,26,41,5,
23,3,2022,43,15,3,12,30,39,8,
26,3,2022,46,19,14,48,16,45,4,
30,3,2022,34,27,41,12,13,6,3,
2,4,2022,40,14,46,38,49,37,2,
6,4,2022,29,24,31,22,19,2,6,
9,4,2022,33,17,27,45,5,43,6,
13,4,2022,2,42,22,7,29,46,2,
16,4,2022,14,44,8,19,24,7,4,
20,4,2022,35,10,20,16,19,44,3,
23,4,2022,47,32,29,13,34,38,6,
27,4,2022,25,3,17,19,46,40,8,
30,4,2022,25,14,48,20,44,2,1,
4,5,2022,3,49,11,31,41,4,2,
7,5,2022,5,14,43,35,34,26,2,
11,5,2022,25,28,27,24,45,2,4,
14,5,2022,49,37,25,34,39,30,9,
18,5,2022,8,10,41,25,45,43,6,
21,5,2022,19,3,44,1,4,30,4,
25,5,2022,45,5,15,28,32,1,5,
28,5,2022,10,20,4,1,25,36,1,
1,6,2022,32,48,2,4,9,42,9,
4,6,2022,42,6,33,11,23,34,4,
8,6,2022,4,11,34,48,1,33,1,
11,6,2022,25,11,17,44,22,29,8,
15,6,2022,21,30,29,44,11,47,0,
18,6,2022,18,37,23,45,26,46,2,
22,6,2022,34,46,23,7,36,29,5,
25,6,2022,33,4,21,43,2,28,5,
29,6,2022,48,45,24,21,22,40,8,
2,7,2022,20,7,37,45,8,9,7,
6,7,2022,38,47,41,48,1,26,6,
9,7,2022,19,4,23,40,41,43,6,
13,7,2022,47,29,45,11,30,10,8,
16,7,2022,22,23,17,15,26,20,8,
20,7,2022,36,42,49,43,2,3,2,
23,7,2022,47,13,49,7,35,6,3,
27,7,2022,29,23,46,16,28,1,0,
30,7,2022,33,19,27,34,25,8,6,
3,8,2022,40,13,21,43,11,5,9,
6,8,2022,1,30,27,8,46,16,7,
10,8,2022,24,10,18,22,27,26,2,
13,8,2022,36,6,28,16,20,7,6,
17,8,2022,17,1,44,34,29,46,0,
20,8,2022,26,19,40,36,32,12,1,
24,8,2022,26,40,34,7,15,49,6,
27,8,2022,18,16,7,46,32,39,5,
31,8,2022,37,18,11,24,5,1,7,
3,9,2022,43,3,36,39,6,49,2,
7,9,2022,40,11,41,14,16,8,3,
10,9,2022,42,2,12,26,1,13,9,
14,9,2022,48,39,11,16,9,2,5,
17,9,2022,37,2,46,6,18,3,5,
21,9,2022,36,8,30,48,7,24,8,
24,9,2022,10,6,15,41,12,13,5,
28,9,2022,33,12,13,44,49,4,6,
1,10,2022,49,43,19,1,3,37,0,
5,10,2022,49,37,9,38,10,17,5,
8,10,2022,8,15,38,49,7,36,7,
12,10,2022,48,26,16,35,49,21,2,
15,10,2022,37,48,11,29,32,43,7,
19,10,2022,40,36,23,1,15,49,2,
22,10,2022,31,4,14,1,46,24,1,
26,10,2022,32,46,16,21,23,24,1,
29,10,2022,11,20,9,5,13,34,7,
2,11,2022,9,48,17,16,15,21,1,
5,11,2022,39,12,42,27,35,32,8,
9,11,2022,49,32,2,16,47,29,5,
12,11,2022,47,12,14,7,21,4,6,
16,11,2022,9,37,1,35,11,30,8,
19,11,2022,34,13,4,42,21,20,0,
23,11,2022,31,29,22,25,1,49,0,
26,11,2022,32,48,11,31,34,24,2,
30,11,2022,32,1,10,43,2,42,8,
3,12,2022,42,10,45,29,4,41,7,
7,12,2022,4,14,16,39,30,37,8,
10,12,2022,23,26,3,17,5,31,8,
14,12,2022,32,46,43,10,30,48,3,
17,12,2022,44,3,37,42,1,45,3,
21,12,2022,22,49,24,2,42,47,1,
24,12,2022,29,37,18,7,41,28,3,
28,12,2022,29,4,14,27,17,42,3,
31,12,2022,46,16,18,4,13,32,8,
4,1,2023,31,47,29,37,34,19,0,
7,1,2023,10,18,26,40,11,20,2,
11,1,2023,25,21,17,24,48,32,5,
14,1,2023,12,38,24,6,42,43,3,
18,1,2023,21,46,8,25,1,37,9,
21,1,2023,43,45,19,4,44,24,7,
25,1,2023,25,37,11,12,6,20,2,
28,1,2023,5,38,20,30,14,44,8,
1,2,2023,34,36,20,49,6,40,5,
4,2,2023,29,33,31,35,37,34,8,
8,2,2023,44,14,8,17,21,39,9,
11,2,2023,30,12,11,19,28,9,3,
15,2,2023,45,37,33,19,22,26,6,
18,2,2023,40,43,28,49,7,36,8,
22,2,2023,46,9,4,27,6,44,8,
25,2,2023,23,5,48,26,12,33,4,
1,3,2023,8,21,28,14,47,23,9,
4,3,2023,21,1,8,45,48,7,0,
8,3,2023,32,25,43,26,23,5,2,
11,3,2023,17,20,23,32,22,27,7,
15,3,2023,39,17,34,44,3,19,8,
18,3,2023,27,3,23,5,44,9,9,
22,3,2023,28,19,33,35,38,40,3,
25,3,2023,21,16,15,36,35,10,5,
29,3,2023,48,37,40,2,43,19,5,
1,4,2023,28,45,36,42,33,27,9,
5,4,2023,29,6,41,47,4,15,5,
8,4,2023,26,49,40,2,16,34,3,
12,4,2023,20,7,34,33,44,28,8,
15,4,2023,33,43,22,12,7,34,1,
19,4,2023,14,3,16,36,31,18,6,
22,4,2023,41,48,26,21,34,13,7,
26,4,2023,25,3,1,49,41,18,7,
29,4,2023,13,24,14,40,9,23,0,
3,5,2023,15,47,42,14,16,37,1,
6,5,2023,7,47,18,19,9,31,9,
10,5,2023,14,49,23,10,44,25,8,
13,5,2023,12,26,39,28,4,1,1,
17,5,2023,26,36,31,45,2,29,6,
20,5,2023,42,33,24,34,5,6,3,
24,5,2023,6,7,9,43,1,16,5,
27,5,2023,3,18,7,28,34,12,4,
31,5,2023,35,45,22,30,39,41,6,
3,6,2023,1,18,4,23,30,6,0,
7,6,2023,49,17,40,30,19,33,6,
10,6,2023,12,30,37,16,24,28,0,
14,6,2023,15,12,21,44,17,29,5,
17,6,2023,2,19,22,15,32,43,4,
21,6,2023,22,47,43,12,6,19,6,
24,6,2023,24,26,31,43,42,4,4,
28,6,2023,28,5,18,30,37,34,1,
1,7,2023,18,27,24,13,38,43,3,
5,7,2023,44,34,23,20,2,16,3,
8,7,2023,25,3,44,37,29,14,0,
12,7,2023,30,21,7,9,2,19,2,
15,7,2023,6,30,17,11,8,39,1,
19,7,2023,32,34,4,33,19,25,4,
22,7,2023,2,41,15,40,31,37,3,
26,7,2023,7,32,23,45,21,35,3,
29,7,2023,33,10,3,41,45,19,6,
2,8,2023,29,23,21,30,7,44,4,
5,8,2023,35,49,42,4,23,22,4,
9,8,2023,33,35,37,29,16,24,7,
12,8,2023,40,19,43,24,20,33,3,
16,8,2023,26,14,4,5,19,41,8,
19,8,2023,22,36,17,10,37,31,6,
23,8,2023,9,10,45,28,13,26,6,
26,8,2023,36,37,7,12,42,39,2,
30,8,2023,23,42,48,32,46,43,1,
2,9,2023,25,47,22,27,28,34,0,
6,9,2023,6,3,8,47,20,13,2,
9,9,2023,42,28,48,2,25,22,5,
13,9,2023,28,41,15,18,27,14,3,
16,9,2023,32,30,19,36,41,46,2,
20,9,2023,21,33,18,3,42,24,2,
23,9,2023,33,11,39,32,17,12,3,
27,9,2023,19,40,9,22,41,2,8,
30,9,2023,45,42,17,20,36,1,0,
4,10,2023,28,38,18,19,46,43,9,
7,10,2023,23,32,11,22,42,14,0,
11,10,2023,42,30,3,25,16,31,3,
14,10,2023,35,31,10,22,8,29,7,
18,10,2023,31,16,15,47,42,45,2,
21,10,2023,10,14,37,33,3,9,9,
25,10,2023,25,31,49,10,4,1,7,
28,10,2023,1,5,26,38,32,7,3,
1,11,2023,33,26,49,8,20,43,5,
4,11,2023,16,27,20,6,23,1,4,
8,11,2023,12,39,48,1,18,34,8,
11,11,2023,9,45,40,25,26,49,7,
15,11,2023,13,22,8,14,25,29,1,
18,11,2023,10,28,38,18,27,23,4,
22,11,2023,30,20,3,41,4,25,9,
25,11,2023,3,27,35,38,32,47,5,
29,11,2023,45,3,25,29,49,22,7,
2,12,2023,35,10,24,47,29,36,4,
6,12,2023,43,42,45,15,2,27,1,
9,12,2023,16,38,48,21,30,42,9,
13,12,2023,10,31,11,39,22,27,1,
16,12,2023,48,2,7,22,12,31,3,
20,12,2023,25,31,44,17,4,18,9,
23,12,2023,12,17,8,1,22,4,2,
27,12,2023,17,44,33,41,6,9,9,
30,12,2023,4,48,41,47,44,26,7,
3,1,2024,36,14,32,49,28,25,4,
6,1,2024,18,14,34,47,5,3,7,
10,1,2024,37,3,7,24,21,49,9,
13,1,2024,6,48,27,1,8,26,6,
17,1,2024,13,44,6,40,30,9,6,
20,1,2024,8,49,45,1,25,11,4,
24,1,2024,35,29,9,10,39,19,1,
27,1,2024,24,20,29,33,43,14,4,
31,1,2024,29,24,40,11,43,28,7,